"path","n_IT","n_ST","median_IT","median_ST","p","median_IT_eff","median_ST_eff","p_eff","diff_median","direction","p.adj","p_eff.adj","signif_BH"
"African trypanosomiasis",27,30,6,5,4.92233396274523e-08,2.36058730353767,1.71022681222839,8.99113573857176e-08,1,"IT>ST",7.20245649312081e-06,3.53817841564167e-07,"****"
"Caprolactam degradation",27,30,4,3.59090909090909,8.99495594743764e-08,1.83000163449773,1.49040444954482,5.69489819530213e-09,0.409090909090909,"IT>ST",7.20245649312081e-06,1.72880838071672e-07,"****"
"Alcoholism",27,30,3.66666666666667,3.33333333333333,9.02563470315891e-08,2.09399766425829,1.6423028692395,2.15991096343646e-09,0.333333333333333,"IT>ST",7.20245649312081e-06,1.23105074119463e-07,"****"
"Translation",27,30,2.66666666666667,2.33333333333333,3.69658108585858e-08,1.76709110963111,1.59569470753265,0.000333245110053012,0.333333333333333,"IT>ST",7.20245649312081e-06,0.000446779721679906,"****"
"Styrene degradation",27,30,2.47058823529412,2.35294117647059,6.8968277804112e-08,1.51050161603061,1.30828238794816,8.23064873735897e-08,0.117647058823529,"IT>ST",7.20245649312081e-06,3.39614146929861e-07,"****"
"Limonene and pinene degradation",27,30,6.85714285714286,6.42857142857143,1.80322843268698e-07,2.5550969319969,1.76291386080196,4.40305436297811e-08,0.428571428571428,"IT>ST",1.19914690773684e-05,2.694412822822e-07,"****"
"Tyrosine metabolism",27,30,5.15151515151515,4.94117647058824,2.53493250038837e-07,2.26284099021852,1.68505041754083,1.10608000400264e-08,0.210338680926916,"IT>ST",1.44491152522137e-05,1.80801539115816e-07,"****"
"Geraniol degradation",27,30,4.66666666666667,4.33333333333333,3.28846340643017e-07,2.1088636933464,1.61265888128689,9.81945429777794e-08,0.333333333333334,"IT>ST",1.64012112395705e-05,3.59764489358243e-07,"****"
"Type I diabetes mellitus",27,30,16,15,3.99699586599241e-07,5.15223221704852,3.2511579514556,1.17033435406856e-07,1,"IT>ST",1.77200150058997e-05,3.9164732321192e-07,"****"
"Biosynthesis of unsaturated fatty acids",27,30,3.85714285714286,3.57142857142857,4.60489230918251e-07,2.10519709202973,1.50834101183949,8.23064873735897e-08,0.285714285714286,"IT>ST",1.83735203136382e-05,3.39614146929861e-07,"****"
"Chagas disease (American trypanosomiasis)",27,30,3.4,3.2,6.63207250830789e-07,1.74932307439649,1.49169982394863,1.00675769991944e-08,0.2,"IT>ST",2.40563357346804e-05,1.80801539115816e-07,"****"
"Other glycan degradation",27,30,7.36363636363636,7,7.6425553068004e-07,3.0558009746623,2.5097337472788,7.36071855913251e-06,0.363636363636363,"IT>ST",2.54114963951113e-05,1.15863162504864e-05,"****"
"Bacterial toxins",27,30,3.78571428571429,3.57142857142857,8.48121612847062e-07,1.85961992873911,1.51103373205159,4.0226429032621e-08,0.214285714285714,"IT>ST",2.60308095019983e-05,2.694412822822e-07,"****"
"Bacterial chemotaxis",27,30,12.3333333333333,11.6725,1.38232672344439e-06,3.86812557074407,2.73159012796772,4.81824410669345e-08,0.660833333333334,"IT>ST",3.93963116181652e-05,2.694412822822e-07,"****"
"Pathogenic Escherichia coli infection",27,30,1.5,1.25,1.49938725324677e-06,1.11048862076349,1.10876691385758,0.614651703980913,0.25,"IT>ST",3.9883700936364e-05,0.673271678656207,"****"
"Synthesis and degradation of ketone bodies",27,30,7.16666666666667,6.91666666666667,1.86428459865882e-06,2.7506550383977,1.84575988262973,1.13561761049018e-06,0.250000000000001,"IT>ST",4.64905971790544e-05,2.11683107218564e-06,"****"
"Propanoate metabolism",27,30,6.63492063492064,6.38095238095238,2.04584873004993e-06,2.68747701726875,1.94594292874292,1.7639009792731e-08,0.253968253968254,"IT>ST",4.80172731347013e-05,2.27169065512445e-07,"****"
"Bladder cancer",27,30,7,6,2.61917393887545e-06,2.98461797483447,2.17439603143449,4.99841647010604e-07,1,"IT>ST",5.80583556450725e-05,1.06750100492214e-06,"****"
"GABAergic synapse",27,30,7,6.5,3.49923678554415e-06,2.7152778711797,1.88736942117814,3.18081079218444e-06,0.5,"IT>ST",6.98097738716057e-05,5.36446264554915e-06,"****"
"Cationic antimicrobial peptide (CAMP) resistance",27,30,6.73076923076923,6.41230769230769,3.48785783654188e-06,2.54821846751833,1.88831617206351,1.17033435406856e-07,0.318461538461539,"IT>ST",6.98097738716057e-05,3.9164732321192e-07,"****"
"Secondary metabolism",27,30,3.75,3.5,3.76252572707925e-06,2.11840611287609,1.59862114101969,9.81945429777794e-08,0.25,"IT>ST",7.14879888145057e-05,3.59764489358243e-07,"****"
"Salmonella infection",27,30,4.88888888888889,4.55555555555556,3.94556112143575e-06,2.49061225219686,2.08301905901659,3.71321422542215e-06,0.333333333333334,"IT>ST",7.15581312478574e-05,6.1645158039235e-06,"****"
"Indole alkaloid biosynthesis",27,30,7,6,7.61108333956378e-06,3.77650058622162,2.68252229210556,8.90098522237483e-07,1,"IT>ST",9.7962008144708e-05,1.71172792737977e-06,"****"
"Amphetamine addiction",27,30,6.5,6,7.61108333956378e-06,2.71765119476054,2.03235517414412,2.38247205777108e-09,0.5,"IT>ST",9.7962008144708e-05,1.23105074119463e-07,"****"
"Betalain biosynthesis",27,30,4.5,4,7.61108333956378e-06,2.47846530188512,2.03831878828608,5.04536709565963e-06,0.5,"IT>ST",9.7962008144708e-05,8.12227657445206e-06,"****"
"Serotonergic synapse",27,30,6.5,6,7.61108333956378e-06,2.71765119476054,2.03235517414412,2.38247205777108e-09,0.5,"IT>ST",9.7962008144708e-05,1.23105074119463e-07,"****"
"Tuberculosis",27,30,11.75,11.25,7.20210143437754e-06,3.74976820922803,2.48340306278692,7.53261683847852e-08,0.5,"IT>ST",9.7962008144708e-05,3.3698549014246e-07,"****"
"Cocaine addiction",27,30,5.33333333333333,5,7.61108333956378e-06,2.51036725993976,2.04759738999974,2.94287268928218e-06,0.333333333333333,"IT>ST",9.7962008144708e-05,5.0229754736744e-06,"****"
"Bacterial invasion of epithelial cells",27,30,1.5,1.25,7.19459630689057e-06,1.27497164842658,1.08436421709474,2.89658997928147e-09,0.25,"IT>ST",9.7962008144708e-05,1.23105074119463e-07,"****"
"Dopaminergic synapse",27,30,4.75,4.5,5.95785307404301e-06,2.56404445251328,2.1580283877961,1.39348404805589e-07,0.25,"IT>ST",9.7962008144708e-05,4.32285197389601e-07,"****"
"Lysine degradation",27,30,6.3125,6.09375,5.72304380888666e-06,2.78661753551855,2.17939898758313,1.7639009792731e-08,0.21875,"IT>ST",9.7962008144708e-05,2.27169065512445e-07,"****"
"Streptomycin biosynthesis",27,30,14.8,13.95,1.02242323719878e-05,4.50237442265203,2.68272314599722,1.80710373295139e-07,0.850000000000001,"IT>ST",0.000110255911254679,4.95332936439699e-07,"***"
"Flagellar assembly",27,30,8.19444444444444,7.69444444444444,9.77624756021462e-06,3.04594131279484,2.27944692922915,3.01885179020259e-07,0.5,"IT>ST",0.000110255911254679,6.97289136323969e-07,"***"
"mTOR signaling pathway",27,30,2,1.66666666666667,9.66081939843263e-06,1.22039920537386,1.13172290402627,7.53261683847852e-08,0.333333333333333,"IT>ST",0.000110255911254679,3.3698549014246e-07,"***"
"Drug metabolism - cytochrome P450",27,30,6.71428571428571,6.42857142857143,1.00641348585612e-05,2.7139739627071,1.939271830182,1.07214242308939e-07,0.285714285714286,"IT>ST",0.000110255911254679,3.8290800824621e-07,"***"
"Cushing syndrome",27,30,5,4.8,9.23254327062847e-06,2.58463363111233,2.08028421441329,0.000147197101430201,0.2,"IT>ST",0.000110255911254679,0.000200508872140498,"***"
"N-Glycan biosynthesis",27,30,5,6,1.01591532541197e-05,1.59592158681505,1.29131151545529,0.00108179748352332,-1,"ST>IT",0.000110255911254679,0.00140171930029698,"***"
"beta-Alanine metabolism",27,30,6.22727272727273,6.08893280632411,1.10735534650745e-05,2.77729109367954,2.07443972769832,7.53261683847852e-08,0.138339920948616,"IT>ST",0.000116272311383283,3.3698549014246e-07,"***"
"Autophagy - yeast",27,30,6,5.5,1.4804943891839e-05,2.98496644263243,2.60103242044779,9.81945429777794e-08,0.5,"IT>ST",0.000147679315321094,3.59764489358243e-07,"***"
"Tryptophan metabolism",27,30,6.07407407407407,5.88675213675214,1.44772305366757e-05,2.57489036869877,1.91913217624196,1.10608000400264e-08,0.187321937321937,"IT>ST",0.000147679315321094,1.80801539115816e-07,"***"
"Cytochrome P450",27,30,1.1,1,1.59997611441912e-05,1.00088819021006,1,0.000158024007931449,0.1,"IT>ST",0.000155704992598349,0.000214569339843022,"***"
"Cofactor metabolism",27,30,5.55555555555556,5.33333333333333,1.7964291330688e-05,2.29653806694676,1.80397625565002,2.1463440755977e-07,0.222222222222222,"IT>ST",0.000170660767641536,5.27281059034116e-07,"***"
"Primary bile acid biosynthesis",27,30,3.25,2.75,2.06130139943485e-05,1.59209205999445,1.51093632090636,0.0045564645244331,0.5,"IT>ST",0.000182768724083224,0.005780589322042,"***"
"Butanoate metabolism",27,30,7.06060606060606,6.66915422885572,2.04624021839004e-05,2.7604844973153,2.09800661098619,4.0226429032621e-08,0.391451831750339,"IT>ST",0.000182768724083224,2.694412822822e-07,"***"
"Glyoxylate and dicarboxylate metabolism",27,30,7.51351351351351,7.18493150684932,1.97124999544539e-05,2.81493628001745,2.01643596156989,8.23064873735897e-08,0.328582006664198,"IT>ST",0.000182768724083224,3.39614146929861e-07,"***"
"Necroptosis",27,30,8.25,7.79166666666667,2.69193634308908e-05,2.87545222003664,1.94824030801066,3.35507970492563e-08,0.458333333333334,"IT>ST",0.000233496217585335,2.694412822822e-07,"***"
"Metabolism of xenobiotics by cytochrome P450",27,30,5.625,5.5,3.18827677605532e-05,2.5873989245029,1.98184678294232,8.20274156880658e-07,0.125,"IT>ST",0.00027066434758427,1.60652772660958e-06,"***"
"HIF-1 signaling pathway",27,30,9,8.5,3.84293849782737e-05,3.22479302656093,2.3792173800095,1.0473084429919e-06,0.5,"IT>ST",0.0003194442626319,1.97824928120692e-06,"***"
"Bacterial motility proteins",27,30,7.45454545454545,7.14141414141414,3.990976302257e-05,2.753598482789,2.1400089058923,1.80710373295139e-07,0.313131313131313,"IT>ST",0.00032497949889807,4.95332936439699e-07,"***"
"Biofilm formation - Escherichia coli",27,30,7.03030303030303,6.66666666666667,5.17582263442395e-05,2.85149469397528,2.16060918135934,1.7639009792731e-08,0.363636363636363,"IT>ST",0.000409919793728866,2.27169065512445e-07,"***"
"Autophagy - other",27,30,3,3,5.34231310122832e-05,1.49579483714439,1.38526816218402,1.51997557910043e-07,0,"tie",0.000409919793728866,4.61421157941203e-07,"***"
"Fanconi anemia pathway",27,30,1.33333333333333,1.5,5.26926958093519e-05,1.20012983174297,1.30002062815225,0.0118297592063829,-0.166666666666667,"ST>IT",0.000409919793728866,0.014657864905868,"***"
"Valine, leucine and isoleucine degradation",27,30,8.12820512820513,7.78205128205128,5.58761782548091e-05,3.16953868622157,2.16939917881999,5.27127593354423e-08,0.346153846153846,"IT>ST",0.000420652738182431,2.87216957917474e-07,"***"
"Legionellosis",27,30,10.6363636363636,10.2272727272727,6.12985497221808e-05,3.8454877033503,2.68332548516532,4.59835445975903e-07,0.40909090909091,"IT>ST",0.000452928172947225,9.8702052797858e-07,"***"
"Acarbose and validamycin biosynthesis",27,30,21,19.75,6.41270472020178e-05,4.93778882180899,2.68306318539757,1.56599725549782e-06,1.25,"IT>ST",0.000456905211314377,2.80822292652563e-06,"***"
"Fatty acid degradation",27,30,8.58620689655172,8.24137931034483,6.37252590510194e-05,3.19846114720108,2.19174712461572,1.27720258298838e-07,0.344827586206897,"IT>ST",0.000456905211314377,4.11220528613682e-07,"***"
"D-Glutamine and D-glutamate metabolism",27,30,12,11.4166666666667,6.56857530858036e-05,4.41429431311179,2.48300058537369,6.89283698792536e-09,0.583333333333332,"IT>ST",0.000459800271600625,1.80801539115816e-07,"***"
"Amino acid metabolism",27,30,2.85714285714286,2.71428571428571,6.70928174515735e-05,1.72936953258347,1.40560410618678,4.75310128484796e-05,0.142857142857143,"IT>ST",0.000461552313158239,6.80157591266122e-05,"***"
"Insulin resistance",27,30,7.33333333333333,6.83333333333333,8.21223012634166e-05,2.65528281028433,1.88832951955428,1.7639009792731e-08,0.499999999999999,"IT>ST",0.000555369461086495,2.27169065512445e-07,"***"
"Isoquinoline alkaloid biosynthesis",27,30,6.57142857142857,6.28571428571429,8.35832615788716e-05,2.73020780184735,1.80109820471881,2.38247205777108e-09,0.285714285714286,"IT>ST",0.000555828689499496,1.23105074119463e-07,"***"
"Tropane, piperidine and pyridine alkaloid biosynthesis",27,30,7.875,7.53571428571429,8.97101566914462e-05,2.99957114022805,1.85481053073867,4.81824410669345e-08,0.339285714285714,"IT>ST",0.000586792664260443,2.694412822822e-07,"***"
"Aminobenzoate degradation",27,30,3.31578947368421,3.16228070175439,9.29153289780034e-05,1.80227300203405,1.51724853946017,5.76547267996654e-08,0.153508771929824,"IT>ST",0.000597955101003603,2.95219986624793e-07,"***"
"Biosynthesis of siderophore group nonribosomal peptides",27,30,3,2.81818181818182,9.7137433488695e-05,1.55964927307759,1.42182073880485,1.00675769991944e-08,0.181818181818182,"IT>ST",0.000615203745428402,1.80801539115816e-07,"***"
"Biosynthesis of ansamycins",27,30,8.5,8,0.00010137794858149,3.13383360962047,2.1267313561547,2.1463440755977e-07,0.5,"IT>ST",0.000632028148187726,5.27281059034116e-07,"***"
"Autophagy - animal",27,30,3.75,3.5,0.000109520305455796,2.3697447763055,2.09649232219858,3.57493594679444e-07,0.25,"IT>ST",0.000663798851463626,8.03887712903512e-07,"***"
"Viral carcinogenesis",27,30,3.61538461538462,3.46153846153846,0.000109801313775938,1.92441037051312,1.52328946809266,2.55082631507267e-08,0.153846153846154,"IT>ST",0.000663798851463626,2.64021427796677e-07,"***"
"PPAR signaling pathway",27,30,9.875,9.375,0.000128883148003184,3.1490242084584,2.19451567410599,1.27720258298838e-07,0.5,"IT>ST",0.000767528000795082,4.11220528613682e-07,"***"
"Transcription machinery",27,30,9.22916666666667,8.7686170212766,0.000151524069187696,3.15002214884268,2.21348353352172,9.81945429777794e-08,0.460549645390071,"IT>ST",0.000889089758910155,3.59764489358243e-07,"***"
"Ribosome biogenesis in eukaryotes",27,30,3,2.8,0.000162189861649201,1.54676868101361,1.30696751275523,9.20571012437585e-06,0.2,"IT>ST",0.000937880504319294,1.41754594306512e-05,"***"
"Quorum sensing",27,30,7.23469387755102,6.98979485577424,0.000172623580053699,2.82215063392294,2.06100301900487,6.30443713179137e-08,0.244899021776783,"IT>ST",0.000983954406306083,3.15221856589568e-07,"***"
"Protein processing",27,30,6.77272727272727,6.53260869565217,0.000176196814246475,2.71378288739632,2.0699364849288,6.96112208669008e-07,0.240118577075099,"IT>ST",0.000990176463159767,1.40879851754442e-06,"***"
"Insulin signaling pathway",27,30,5.77777777777778,5.33333333333333,0.000209648951690255,1.95897725831286,1.51368271690305,9.81945429777794e-08,0.444444444444445,"IT>ST",0.0011618046072835,3.59764489358243e-07,"**"
"Chemical carcinogenesis",27,30,3.71428571428571,3.57142857142857,0.000214291171044935,2.28130906652023,1.91292001739183,0.000451364911667626,0.142857142857143,"IT>ST",0.00117126270201273,0.000595745613225904,"**"
"Lipoarabinomannan (LAM) biosynthesis",27,30,3.25,2.75,0.000246740837278454,1.57983991523403,1.39644588158468,3.36334588708672e-05,0.5,"IT>ST",0.00133039991992031,4.878573385706e-05,"**"
"Nucleotide excision repair",27,30,17.9166666666667,16.8333333333333,0.000265263542111931,5.23433094903353,3.16812478488943,1.51997557910043e-07,1.08333333333334,"IT>ST",0.00141120204403547,4.61421157941203e-07,"**"
"Unclassified viral proteins",27,30,14.3333333333333,13.6666666666667,0.000286443004721894,4.91642290175994,3.15842101486061,2.54674541531267e-07,0.666666666666668,"IT>ST",0.00147025408256242,6.01314889726602e-07,"**"
"Oxidative phosphorylation",27,30,7.63157894736842,7.43621621621622,0.000285367712589219,3.05108152338058,2.04706698604972,2.79552100020011e-08,0.195362731152205,"IT>ST",0.00147025408256242,2.64021427796677e-07,"**"
"Ubiquitin mediated proteolysis",27,30,1.4,1.4,0.000287418091327993,1.36691680165919,1.21546900230165,5.90160908406535e-07,0,"tie",0.00147025408256242,1.23555855208265e-06,"**"
"Steroid biosynthesis",27,30,1.33333333333333,1,0.000318189958624941,1.08566632736695,1,0.000526559469016521,0.333333333333333,"IT>ST",0.00160706067710572,0.000692841406600685,"**"
"Cytoskeleton proteins",27,30,6.54166666666667,6.34782608695652,0.000328514652903363,2.50897159830913,1.76521876383368,1.17033435406856e-07,0.193840579710145,"IT>ST",0.00163846683135552,3.9164732321192e-07,"**"
"Meiosis - yeast",27,30,8.75,8.125,0.000339075519473369,2.56042688317725,1.64415919250623,9.91341395103696e-06,0.625,"IT>ST",0.00164989185694968,1.51010785992499e-05,"**"
"Carbon fixation in photosynthetic organisms",27,30,11.3333333333333,10.7619047619048,0.000339048796617052,3.92203814377222,2.59103098336062,6.30443713179137e-08,0.571428571428571,"IT>ST",0.00164989185694968,3.15221856589568e-07,"**"
"Selenocompound metabolism",27,30,11.5263157894737,11.0526315789474,0.000360429860348315,3.71414010740749,2.70481456838465,2.1463440755977e-07,0.473684210526317,"IT>ST",0.00170156894994689,5.27281059034116e-07,"**"
"Chloroalkane and chloroalkene degradation",27,30,7.14285714285714,6.92857142857143,0.000362489625928536,3.05842698473279,2.29262551394539,1.56599725549782e-06,0.214285714285714,"IT>ST",0.00170156894994689,2.80822292652563e-06,"**"
"Transporters",27,30,5.99242424242424,5.79805543691909,0.000354263251950892,2.41109893690677,1.89553725695113,1.17033435406856e-07,0.194368805505151,"IT>ST",0.00170156894994689,3.9164732321192e-07,"**"
"Glutathione metabolism",27,30,10.4210526315789,10,0.000380972365045395,3.74678190467144,2.32835603490483,4.40305436297811e-08,0.421052631578947,"IT>ST",0.00174721808796681,2.694412822822e-07,"**"
"Ascorbate and aldarate metabolism",27,30,3.59259259259259,3.48148148148148,0.00037741089169733,1.73160457300628,1.40749110451449,1.00675769991944e-08,0.111111111111111,"IT>ST",0.00174721808796681,1.80801539115816e-07,"**"
"RNA polymerase",27,30,19.2,18,0.00040855585358229,5.52609612831476,3.20043196550216,4.40305436297811e-08,1.2,"IT>ST",0.00185242938158334,2.694412822822e-07,"**"
"Pyruvate metabolism",27,30,9.37333333333333,8.94052631578947,0.000450690121770856,3.39116893535831,2.41965802978326,4.81824410669345e-08,0.43280701754386,"IT>ST",0.00202050964704013,2.694412822822e-07,"**"
"Starch and sucrose metabolism",27,30,6.0377358490566,5.84905660377358,0.000461069880299771,2.44329762727612,1.87429948593657,1.27720258298838e-07,0.188679245283019,"IT>ST",0.00203565587659738,4.11220528613682e-07,"**"
"Various types of N-glycan biosynthesis",27,30,3.75,4.33333333333333,0.000464272392908174,2.4940192744296,2.72338560904574,0.0113037909817165,-0.583333333333333,"ST>IT",0.00203565587659738,0.0140471086761097,"**"
"ABC transporters",27,30,5.06639004149378,4.96644808551035,0.000478848843904321,2.19697853963909,1.72320580954897,1.17033435406856e-07,0.0999419559834207,"IT>ST",0.00207674661649809,3.9164732321192e-07,"**"
"Lipid biosynthesis proteins",27,30,7.09615384615385,6.84313725490196,0.000507997980009747,2.79081162038883,1.97808960573902,2.79552100020011e-08,0.253016591251885,"IT>ST",0.00217947520455795,2.64021427796677e-07,"**"
"Valine, leucine and isoleucine biosynthesis",27,30,13.6,12.8666666666667,0.000518548024150917,4.11661554915901,2.61501132773636,8.90098522237483e-07,0.733333333333333,"IT>ST",0.002185221255548,1.71172792737977e-06,"**"
"Replication and repair",27,30,9.5,9.275,0.000520290775130477,3.51485844705791,2.39979063359677,1.80710373295139e-07,0.225,"IT>ST",0.002185221255548,4.95332936439699e-07,"**"
"Taurine and hypotaurine metabolism",27,30,7.71428571428571,7.35714285714286,0.000542563706897482,2.9569527223873,2.15067502682462,2.33827824286524e-07,0.357142857142858,"IT>ST",0.00224028536124026,5.58296771470633e-07,"**"
"Glucagon signaling pathway",27,30,6.14285714285714,5.89285714285714,0.00055024552732217,2.36157735917099,1.74128604489753,1.27720258298838e-07,0.250000000000001,"IT>ST",0.00224028536124026,4.11220528613682e-07,"**"
"NOD-like receptor signaling pathway",27,30,5.26666666666667,5.1,0.000548528254151602,2.09724858919691,1.51636243747175,9.91341395103696e-06,0.166666666666667,"IT>ST",0.00224028536124026,1.51010785992499e-05,"**"
"Cell cycle - Caulobacter",27,30,12.0740740740741,11.5555555555556,0.000570271467827619,3.93567637562722,2.37031417270283,3.06292765091771e-08,0.518518518518517,"IT>ST",0.00229836682488101,2.694412822822e-07,"**"
"Amino acid related enzymes",27,30,12.2985074626866,11.7775460930641,0.000589308910416569,4.16663863051788,2.67670984360034,3.67418554688081e-08,0.520961369622475,"IT>ST",0.00235134255256211,2.694412822822e-07,"**"
"Biofilm formation - Vibrio cholerae",27,30,5.49206349206349,5.3015873015873,0.000620604011036456,2.24250350235228,1.80466652886561,4.22926694175496e-07,0.190476190476191,"IT>ST",0.00244698647120237,9.21763307818389e-07,"**"
"Biofilm formation - Pseudomonas aeruginosa",27,30,5.92592592592593,5.75716282320056,0.00063781101003771,2.43931669437857,2.02976631376426,5.44901344709081e-05,0.168763102725366,"IT>ST",0.00244698647120237,7.77124401011273e-05,"**"
"Dilated cardiomyopathy (DCM)",27,30,1.5,1.5,0.000632849318098617,1.42269486329408,1.21235356332288,7.55740609004072e-07,0,"tie",0.00244698647120237,1.5079331400316e-06,"**"
"Hypertrophic cardiomyopathy (HCM)",27,30,1.25,1.25,0.000632849318098617,1.21134743164704,1.10754281497253,1.39348404805589e-07,0,"tie",0.00244698647120237,4.32285197389601e-07,"**"
"Renin-angiotensin system",27,30,3.66666666666667,3.66666666666667,0.000666503540088569,2.5456315035545,2.61790582659357,0.614657438396725,0,"tie",0.00253271345233656,0.673271678656207,"**"
"Adipocytokine signaling pathway",27,30,6.22222222222222,6,0.000688048076550492,2.17280918884321,1.67041185057245,4.81824410669345e-08,0.222222222222222,"IT>ST",0.00258991681644949,2.694412822822e-07,"**"
"Fatty acid biosynthesis",27,30,11.1739130434783,10.8297101449275,0.000699715224547854,4.09512091654592,2.59291746859453,1.93503035996004e-08,0.344202898550726,"IT>ST",0.00260921845415508,2.34967972280862e-07,"**"
"Novobiocin biosynthesis",27,30,8.125,7.73214285714286,0.000723282026232531,3.04236658472712,2.12281370119363,9.81945429777794e-08,0.392857142857142,"IT>ST",0.00267212526358129,3.59764489358243e-07,"**"
"Function unknown",27,30,4.55731225296443,4.44032628676471,0.000789780112295462,2.12082367594823,1.80082232645646,2.33827824286524e-07,0.116985966199721,"IT>ST",0.00289102995234761,5.58296771470633e-07,"**"
"Two-component system",27,30,6.02333333333333,5.81143433702159,0.000861072314728925,2.52128770989519,2.06874210252123,7.53261683847852e-08,0.211898996311747,"IT>ST",0.00312334412342583,3.3698549014246e-07,"**"
"Phosphatidylinositol signaling system",27,30,8.33333333333333,8,0.000875994387970652,3.02708311729847,1.57269291863865,5.76547267996654e-08,0.333333333333334,"IT>ST",0.0031488446918945,2.95219986624793e-07,"**"
"Alanine, aspartate and glutamate metabolism",27,30,12.9268292682927,12.4375,0.00093560133546943,4.40768653404293,2.83840606840026,2.55082631507267e-08,0.489329268292684,"IT>ST",0.00330484985966807,2.64021427796677e-07,"**"
"Messenger RNA biogenesis",27,30,7.77551020408163,7.47916666666667,0.000935959985319528,2.86108519838247,1.8523287949163,2.62731131778923e-09,0.296343537414966,"IT>ST",0.00330484985966807,1.23105074119463e-07,"**"
"Biotin metabolism",27,30,12,11.6071428571429,0.00103434405452083,3.95188512714804,2.57272639864783,4.81824410669345e-08,0.392857142857142,"IT>ST",0.00362020419082292,2.694412822822e-07,"**"
"Thermogenesis",27,30,5.22727272727273,5.02173913043478,0.00105768453289301,2.31407848938345,1.70412036747967,5.27127593354423e-08,0.205533596837944,"IT>ST",0.00366970546629837,2.87216957917474e-07,"**"
"Aminoacyl-tRNA biosynthesis",27,30,17.8125,17.1846590909091,0.00108078554605219,5.70188723775692,3.357283927195,2.79552100020011e-08,0.627840909090907,"IT>ST",0.00371298528151768,2.64021427796677e-07,"**"
"Glycosaminoglycan degradation",27,30,5.27272727272727,4.90909090909091,0.00108877012014428,2.62660558104105,2.29809723123042,5.83216141098763e-05,0.363636363636363,"IT>ST",0.00371298528151768,8.289861537357e-05,"**"
"Citrate cycle (TCA cycle)",27,30,10.4418604651163,10,0.00111026063965201,3.72313474809527,2.64090137900066,1.51997557910043e-07,0.44186046511628,"IT>ST",0.00372749879061462,4.61421157941203e-07,"**"
"Exosome",27,30,9.20652173913044,8.82967032967033,0.0011117101656219,3.31996666345986,2.24888029765003,1.7639009792731e-08,0.376851409460105,"IT>ST",0.00372749879061462,2.27169065512445e-07,"**"
"Ferroptosis",27,30,24.5,23,0.00115059769905899,6.18770635591989,3.56657784531658,8.99113573857176e-08,1.5,"IT>ST",0.00379411968532675,3.53817841564167e-07,"**"
"Cardiac muscle contraction",27,30,7.75,7.5,0.00114975392525086,3.52626198965183,2.32488059179199,4.81824410669345e-08,0.25,"IT>ST",0.00379411968532675,2.694412822822e-07,"**"
"Longevity regulating pathway - multiple species",27,30,10.5,9.875,0.00116857795025397,3.43833336920705,2.22968714827058,4.81824410669345e-08,0.625,"IT>ST",0.0038156249613952,2.694412822822e-07,"**"
"Transcription factors",27,30,4.23809523809524,4.13694965878372,0.00117624528885115,2.13996483099671,1.81710654751643,6.89207453758718e-08,0.101145579311518,"IT>ST",0.0038156249613952,3.36681802123511e-07,"**"
"Bacterial secretion system",27,30,7.03389830508475,6.76914085330216,0.00127781084217728,2.62757470087542,1.97854842948501,3.18081079218444e-06,0.264757451782583,"IT>ST",0.00411166553248981,5.36446264554915e-06,"**"
"Polyketide biosynthesis proteins",27,30,2.2156862745098,2.14434523809524,0.00131128789575111,1.41802801822845,1.37319769496303,0.0192126462622429,0.0713410364145659,"IT>ST",0.00418563096323754,0.0233964890012987,"**"
"Carbon fixation pathways in prokaryotes",27,30,7.78082191780822,7.54424287301,0.00139018566442658,2.97357678002479,2.21059471546663,1.657538527354e-07,0.236579044798223,"IT>ST",0.0044022546040175,4.95332936439699e-07,"**"
"Human papillomavirus infection",27,30,4.66666666666667,4.55555555555556,0.00140220395579919,2.3161170465102,1.81537094553435,1.0473084429919e-06,0.111111111111112,"IT>ST",0.00440534943593605,1.97824928120692e-06,"**"
"Translation factors",27,30,12.9583333333333,12.3958333333333,0.00146164078754675,4.21592163378491,2.35016135630732,1.07214242308939e-07,0.562500000000002,"IT>ST",0.0045562083924309,3.8290800824621e-07,"**"
"Mitochondrial biogenesis",27,30,10.6714285714286,10.1642857142857,0.00150865001733473,3.68479971672074,2.3991675144532,1.93503035996004e-08,0.507142857142856,"IT>ST",0.00466628958850043,2.34967972280862e-07,"**"
"Biosynthesis of secondary metabolites - unclassified",27,30,6,8,0.00152866667918959,2.34980729365851,1.69766674681789,6.67629474494299e-05,-2,"ST>IT",0.00469183080766651,9.42666201528495e-05,"**"
"Glycolysis / Gluconeogenesis",27,30,9.42372881355932,9.08474576271187,0.00154934547034392,3.22600590756682,2.26635160976861,4.81824410669345e-08,0.338983050847457,"IT>ST",0.00471899879898646,2.694412822822e-07,"**"
"Pentose and glucuronate interconversions",27,30,3.775,3.60487804878049,0.00158826390842192,1.83896323864573,1.53681799457254,7.53261683847852e-08,0.170121951219512,"IT>ST",0.00480088863227534,3.3698549014246e-07,"**"
"Signaling proteins",27,30,6.29166666666667,6.16666666666667,0.00164597941118346,2.54225819070035,1.90873702353914,1.33421479438315e-06,0.125,"IT>ST",0.00493793823355039,2.46539690266451e-06,"**"
"Protein export",27,30,15.8823529411765,15.1764705882353,0.00167732512925062,5.06985757163936,2.80665549059849,2.1463440755977e-07,0.705882352941178,"IT>ST",0.00499442333261938,5.27281059034116e-07,"**"
"Biosynthesis of type II polyketide products",27,30,2,2,0.00187789538907726,1.44328205141697,1.24653744675446,3.88884270301739e-07,0,"tie",0.00555022414993945,8.6987270988547e-07,"**"
"Chromosome and associated proteins",27,30,6.41803278688525,6.23109243697479,0.0019831862801427,2.63845049962148,1.93490284402224,8.99113573857176e-08,0.186940349910456,"IT>ST",0.00577584909326232,3.53817841564167e-07,"**"
"Steroid degradation",27,30,2.4,2.5,0.0019746245728847,1.49056515045313,1.35520310833168,0.000451364911667626,-0.1,"ST>IT",0.00577584909326232,0.000595745613225904,"**"
"PI3K-Akt signaling pathway",27,30,5.375,5.125,0.00199836820563431,2.29324499225546,1.8348571320181,9.20571012437585e-06,0.25,"IT>ST",0.0057778906815079,1.41754594306512e-05,"**"
"Type II diabetes mellitus",27,30,26,25,0.0020898255722218,7.22320621590155,3.70045984539299,5.76547267996654e-08,1,"IT>ST",0.00599885182242084,2.95219986624793e-07,"**"
"Arginine and proline metabolism",27,30,6.11111111111111,5.9537037037037,0.00213696246412701,2.70232474786226,1.97462859979804,3.67418554688081e-08,0.157407407407407,"IT>ST",0.00609034302276197,2.694412822822e-07,"**"
"Chaperones and folding catalysts",27,30,8.38356164383562,8.08904109589041,0.00226544571200215,3.22007073818799,2.27207373188263,8.23064873735897e-08,0.294520547945204,"IT>ST",0.00636558337386518,3.39614146929861e-07,"**"
"Benzoate degradation",27,30,3.42857142857143,3.32945736434109,0.00225016042924793,1.80328294479711,1.53750394015762,4.22926694175496e-07,0.099114064230343,"IT>ST",0.00636558337386518,9.21763307818389e-07,"**"
"Peptidoglycan biosynthesis",27,30,13.1666666666667,12.4791666666667,0.00238170064658556,4.1781784695211,2.69811211803879,1.07214242308939e-07,0.687499999999998,"IT>ST",0.00664544446145201,3.8290800824621e-07,"**"
"Protein kinases",27,30,5.28205128205128,5.09951274362819,0.0025197340744606,2.35381073650166,2.08493452256506,5.44391835288153e-06,0.182538538423096,"IT>ST",0.00698176316465126,8.69798984952875e-06,"**"
"Chlorocyclohexane and chlorobenzene degradation",27,30,2.36363636363636,2.27272727272727,0.00256409909369497,1.4722916485567,1.37303301021759,4.14202503690458e-05,0.0909090909090908,"IT>ST",0.00705569336816753,5.94716432663665e-05,"**"
"Arginine biosynthesis",27,30,9.42857142857143,9.12698412698413,0.00264326413518938,3.60093277227326,2.38240562774822,2.55082631507267e-08,0.301587301587302,"IT>ST",0.00722371499959289,2.64021427796677e-07,"**"
"Neomycin, kanamycin and gentamicin biosynthesis",27,30,16,15.5,0.0026907458571989,3.22762831759152,1.71477212992863,3.18081079218444e-06,0.5,"IT>ST",0.00730345304096844,5.36446264554915e-06,"**"
"DNA repair and recombination proteins",27,30,10.5757575757576,10.2175572519084,0.00279986725030412,3.6225113452232,2.42994924436189,4.81824410669345e-08,0.35820032384918,"IT>ST",0.00754829076264421,2.694412822822e-07,"**"
"Peptidoglycan biosynthesis and degradation proteins",27,30,10.7916666666667,10.3020833333333,0.0028676357597398,3.62560977347327,2.37847082293632,9.81945429777794e-08,0.489583333333332,"IT>ST",0.00767910515527639,3.59764489358243e-07,"**"
"Polyketide sugar unit biosynthesis",27,30,9.625,9.25,0.00294592108314271,2.91333422960063,1.88420422767662,1.83623397996189e-06,0.375,"IT>ST",0.0078361500811596,3.23817195636432e-06,"**"
"K01533 (path not available)",27,30,13,13,0.00314220840298505,5.94821003761191,3.92512093033484,2.36545751850919e-05,0,"tie",0.00830292154166248,3.47861399780763e-05,"**"
"Endocytosis",27,30,1.71428571428571,1.85714285714286,0.00327412781030871,1.28970591164422,1.27773429908411,0.135090095737461,-0.142857142857143,"ST>IT",0.00859458550206038,0.153511472428932,"**"
"Antimicrobial resistance genes",27,30,4.03636363636364,3.93763955342903,0.00352752129741143,1.92750888527087,1.67296857388097,1.14877681562936e-05,0.0987240829346092,"IT>ST",0.00919922220697491,1.73131257674638e-05,"**"
"C5-Branched dibasic acid metabolism",27,30,7.88235294117647,7.52941176470588,0.00358251281431721,2.73030595789311,2.0403942169873,2.15098306804266e-06,0.352941176470589,"IT>ST",0.00928196501891277,3.73129715884951e-06,"**"
"Renal cell carcinoma",27,30,5,5,0.00362733750174495,2.56745361621844,1.87745139478245,6.33328750607985e-06,0,"tie",0.00933746879481443,1.00061233832117e-05,"**"
"Ribosome biogenesis",27,30,8.51190476190476,8.26313269493844,0.00381414898008042,3.21024486113185,2.00534264143785,8.99113573857176e-08,0.248772066966321,"IT>ST",0.00975541950674415,3.53817841564167e-07,"**"
"Phosphotransferase system (PTS)",27,30,2.9,2.75,0.00384353116044121,1.76312773418158,1.56410595030928,1.0473084429919e-06,0.15,"IT>ST",0.00976795498736333,1.97824928120692e-06,"**"
"Homologous recombination",27,30,14.8928571428571,14.3392857142857,0.00390304311625253,4.64658780242345,2.69812555330564,3.06292765091771e-08,0.553571428571427,"IT>ST",0.00979442895210541,2.694412822822e-07,"**"
"Base excision repair",27,30,9.5,9.1,0.00388739144900046,3.40987927298559,2.37382947062454,1.17033435406856e-07,0.4,"IT>ST",0.00979442895210541,3.9164732321192e-07,"**"
"Carotenoid biosynthesis",27,30,2.42857142857143,2.35714285714286,0.00399412475392922,1.63938763863119,1.47660684941816,2.92379747077773e-05,0.0714285714285712,"IT>ST",0.009960348605111,4.27015094529394e-05,"**"
"Glucosinolate biosynthesis",27,30,23,22,0.00404037021903273,6.11231029662221,3.16610128888074,1.96967685313669e-07,1,"IT>ST",0.0100130914123855,4.95332936439699e-07,"*"
"Nicotinate and nicotinamide metabolism",27,30,7.5,7.23684210526316,0.00419555329067692,2.86914242891026,2.03835647031715,3.67418554688081e-08,0.263157894736842,"IT>ST",0.0103334923640746,2.694412822822e-07,"*"
"Naphthalene degradation",27,30,8,7.83333333333333,0.00427156540644067,2.98757708115476,2.10620993270791,2.32718555352669e-06,0.166666666666667,"IT>ST",0.010456163172821,4.02054414735303e-06,"*"
"Retrograde endocannabinoid signaling",27,30,1.75,1.875,0.00433641787333408,1.24833114248943,1.26018110245798,0.0829076258103861,-0.125,"ST>IT",0.010550187386953,0.0957492961125383,"*"
"Cysteine and methionine metabolism",27,30,9.08928571428571,8.73214285714286,0.00490000024648156,3.0831530431782,2.24511281460626,1.69594992616501e-06,0.357142857142856,"IT>ST",0.0118490915051281,3.01581053815953e-06,"*"
"Progesterone-mediated oocyte maturation",27,30,7,6.75,0.00547509297995692,2.51361072417596,1.48269054906559,5.87250965521929e-06,0.25,"IT>ST",0.0130812101736695,9.31274852040372e-06,"*"
"Prostate cancer",27,30,7.5,7.25,0.00547509297995692,2.65813771333984,1.80076144134453,4.67484502285966e-06,0.25,"IT>ST",0.0130812101736695,7.67107774021372e-06,"*"
"Histidine metabolism",27,30,7.5625,7.375,0.00562612282777935,3.09837849894393,2.30644537391852,8.33446326390785e-09,0.1875,"IT>ST",0.013362041715976,1.80801539115816e-07,"*"
"Secretion system",27,30,4.91011235955056,4.80342879407754,0.00643026710975772,2.09846482323605,1.71848036326673,2.15098306804266e-06,0.106683565473024,"IT>ST",0.0151815182058777,3.73129715884951e-06,"*"
"Carbohydrate digestion and absorption",27,30,5.5,5,0.0065274342644043,1.57069237383225,1.21484377488619,6.41030190194806e-07,0.5,"IT>ST",0.0152692360550142,1.32896502845265e-06,"*"
"Central carbon metabolism in cancer",27,30,8.88888888888889,8.44444444444444,0.00658222707133446,3.38676808636471,2.19273527984459,1.00675769991944e-08,0.444444444444445,"IT>ST",0.0152692360550142,1.80801539115816e-07,"*"
"Toluene degradation",27,30,1.5,1.5,0.00655053412654334,1.18029226507278,1.1194851258559,5.87250965521929e-06,0,"tie",0.0152692360550142,9.31274852040372e-06,"*"
"Sulfur metabolism",27,30,4.62903225806452,4.53546626984127,0.00723328655346635,2.09984356065625,1.80909370140165,8.99113573857176e-08,0.0935659882232462,"IT>ST",0.0166825510683993,3.53817841564167e-07,"*"
"DNA replication proteins",27,30,12.9756097560976,12.5,0.00741973416463272,4.26510871002102,2.74363379378783,5.76547267996654e-08,0.475609756097562,"IT>ST",0.0169500710138176,2.95219986624793e-07,"*"
"Longevity regulating pathway",27,30,3.66666666666667,3.5,0.00743567755901638,1.93264954508375,1.51050000787499,1.53809565182098e-05,0.166666666666667,"IT>ST",0.0169500710138176,2.28563165043327e-05,"*"
"Cell motility",27,30,3.71428571428571,3.57142857142857,0.00747672305371401,1.9170235761847,1.4427180497111,1.95765259044209e-09,0.142857142857143,"IT>ST",0.0169500710138176,1.23105074119463e-07,"*"
"Peptidases",27,30,6.45251396648045,6.31566791510612,0.00760648509664867,2.57713482301194,1.94796922484419,2.79552100020011e-08,0.13684605137433,"IT>ST",0.0170504918739484,2.64021427796677e-07,"*"
"Salivary secretion",27,30,2.66666666666667,2.66666666666667,0.00760435486899618,1.73175180071164,1.61577204110028,0.126937282158003,0,"tie",0.0170504918739484,0.14463363248566,"*"
"Phenylalanine, tyrosine and tryptophan biosynthesis",27,30,8.91666666666667,8.51388888888889,0.00814953237394361,3.29493397142148,2.08355529455349,7.53261683847852e-08,0.402777777777777,"IT>ST",0.0181657174145447,3.3698549014246e-07,"*"
"Plant-pathogen interaction",27,30,9.625,10.1428571428571,0.00828532044340107,3.14245629355234,1.91229892946212,0.000354263251950892,-0.517857142857142,"ST>IT",0.018365793649539,0.000473465037984682,"*"
"Phenylalanine metabolism",27,30,5.68571428571429,5.54285714285714,0.00852148629485799,2.38080025745962,1.8013973891658,7.58039553687924e-09,0.142857142857143,"IT>ST",0.0187849338765102,1.80801539115816e-07,"*"
"Platinum drug resistance",27,30,6.71428571428571,6.57142857142857,0.00877000117418748,2.5208774702773,1.95044231122807,8.23064873735897e-08,0.142857142857143,"IT>ST",0.0192265410357187,3.39614146929861e-07,"*"
"MAPK signaling pathway - fly",27,30,5.33333333333333,5,0.00901147340053648,2.47652312663038,1.59363555844399,8.54643168399832e-06,0.333333333333333,"IT>ST",0.0196479665946123,1.3304884489741e-05,"*"
"Transfer RNA biogenesis",27,30,11.8623853211009,11.5185185185185,0.00939243656911139,3.98285918945714,2.49530460139002,4.0226429032621e-08,0.343866802582399,"IT>ST",0.0202572010328403,2.694412822822e-07,"*"
"Pentose phosphate pathway",27,30,7.51162790697674,7.29429678848283,0.00938552964697449,2.8473051267742,2.22586785932486,2.77311190197726e-07,0.21733111849391,"IT>ST",0.0202572010328403,6.44028720404556e-07,"*"
"beta-Lactam resistance",27,30,8.46428571428571,8.125,0.00955594974665639,3.09141560233081,2.26447795451448,4.22926694175496e-07,0.339285714285714,"IT>ST",0.0204267333406035,9.21763307818389e-07,"*"
"Tetracycline biosynthesis",27,30,1.66666666666667,1.66666666666667,0.0095734314152703,1.29552136761132,1.16049839160015,2.33827824286524e-07,0,"tie",0.0204267333406035,5.58296771470633e-07,"*"
"RNA degradation",27,30,14.6363636363636,14.2554112554113,0.00983159969489595,4.45924274704958,2.44536546639711,4.26881064310969e-09,0.380952380952381,"IT>ST",0.0208660014801249,1.3955727102474e-07,"*"
"Th17 cell differentiation",27,30,9.33333333333333,9,0.0102725657176735,3.14452784431642,2.06689799584067,8.54643168399832e-06,0.333333333333334,"IT>ST",0.0215723880071143,1.3304884489741e-05,"*"
"IL-17 signaling pathway",27,30,5.16666666666667,5,0.0102725657176735,2.07226392215821,1.53344899792033,8.54643168399832e-06,0.166666666666667,"IT>ST",0.0215723880071143,1.3304884489741e-05,"*"
"Vancomycin resistance",27,30,9.18181818181818,8.86363636363636,0.0114397436068628,3.34504647209361,2.04192705333035,1.56599725549782e-06,0.318181818181818,"IT>ST",0.023897684288682,2.80822292652563e-06,"*"
"DNA replication",27,30,15.6315789473684,15.1842105263158,0.0115264473687387,4.740513161465,2.92383731124494,3.06292765091771e-08,0.447368421052632,"IT>ST",0.02395339843816,2.694412822822e-07,"*"
"Protein processing in endoplasmic reticulum",27,30,4.57142857142857,4.5,0.0118953678771975,2.50371453963951,2.13322494249346,5.04536709565963e-06,0.0714285714285712,"IT>ST",0.0245919781502685,8.12227657445206e-06,"*"
"Ether lipid metabolism",27,30,2.5,2.5,0.0122823097304002,1.64371922984199,1.64693215488581,0.804348962672944,0,"tie",0.025261039084689,0.827719876842618,"*"
"Inositol phosphate metabolism",27,30,6.05882352941176,5.875,0.0133695795964516,2.65324871396587,1.82439855434357,3.67418554688081e-08,0.183823529411764,"IT>ST",0.0273562167127395,2.694412822822e-07,"*"
"Lysine biosynthesis",27,30,10.12,9.92,0.013718086248294,3.61859784311458,2.36570578876442,4.40305436297811e-08,0.199999999999998,"IT>ST",0.0279261041483129,2.694412822822e-07,"*"
"Mismatch repair",27,30,14.6,14.1641666666667,0.0144539925280783,4.54614662378842,2.92397559515088,4.81824410669345e-08,0.435833333333333,"IT>ST",0.0292748376583921,2.694412822822e-07,"*"
"Ion channels",27,30,1.25,1.25,0.0155181341782572,1.20984276261378,1.11712970842768,4.01047541965057e-06,0,"tie",0.0311183863712692,6.60640330756392e-06,"*"
"mRNA surveillance pathway",27,30,1.66666666666667,1.66666666666667,0.0155201977139914,1.56107868302287,1.5479217877838,0.476957893917803,0,"tie",0.0311183863712692,0.525147940194472,"*"
"Thyroid hormone synthesis",27,30,5.66666666666667,5.33333333333333,0.0158848676150289,2.6299938544812,2.46582815920717,0.0384820161881318,0.333333333333334,"IT>ST",0.0316903108919826,0.0451791626518121,"*"
"Glycine, serine and threonine metabolism",27,30,7.57746478873239,7.37764084507042,0.0161157943690545,2.77623156963253,2.0110644591332,6.89207453758718e-08,0.199823943661972,"IT>ST",0.0319910544937947,3.36681802123511e-07,"*"
"One carbon pool by folate",27,30,11.7368421052632,11.3947368421053,0.0164334328447972,3.87984212061316,2.64036742662895,1.83623397996189e-06,0.342105263157894,"IT>ST",0.0324600975498716,3.23817195636432e-06,"*"
"Pyrimidine metabolism",27,30,9.25,8.99166666666667,0.0168437777971628,3.34628032247484,2.22526780380916,2.55082631507267e-08,0.258333333333333,"IT>ST",0.0331067356702855,2.64021427796677e-07,"*"
"Glycerolipid metabolism",27,30,5.53333333333333,5.44827586206897,0.0170697183177154,2.32654763814212,1.77222712441442,2.15098306804266e-06,0.0850574712643679,"IT>ST",0.0333863608272962,3.73129715884951e-06,"*"
"Sphingolipid signaling pathway",27,30,2.625,2.75,0.0172824868079428,1.85922644815345,1.68457096410297,0.0227593265106066,-0.125,"ST>IT",0.0336376206652155,0.0276363250485937,"*"
"Glycosyltransferases",27,30,4.1358024691358,4.08383283383283,0.0183901870358272,1.92085716156349,1.62893636137812,1.44564584554564e-06,0.0519696353029691,"IT>ST",0.0356198282878402,2.62563882203802e-06,"*"
"Sulfur relay system",27,30,8.1,7.9,0.0185616202243163,3.13131156453473,2.17514694294252,1.44564584554564e-06,0.199999999999999,"IT>ST",0.0357781955048415,2.62563882203802e-06,"*"
"Glycerophospholipid metabolism",27,30,5.41860465116279,5.33720930232558,0.0191092651927203,2.31620440657756,1.68993839821008,4.40305436297811e-08,0.0813953488372094,"IT>ST",0.0364813244588296,2.694412822822e-07,"*"
"Protein phosphatases and associated proteins",27,30,3.9047619047619,3.85714285714286,0.0190463315210921,1.97037567318679,1.54076220956508,3.35507970492563e-08,0.0476190476190474,"IT>ST",0.0364813244588296,2.694412822822e-07,"*"
"Porphyrin and chlorophyll metabolism",27,30,5.65555555555556,5.5976279650437,0.0200265904067855,2.39840715470166,1.96911894775318,8.20274156880658e-07,0.0579275905118601,"IT>ST",0.0380505217728924,1.60652772660958e-06,"*"
"Lipoic acid metabolism",27,30,11.6666666666667,11,0.0201256586682342,4.58019323067443,3.15137436047607,1.27720258298838e-07,0.666666666666666,"IT>ST",0.0380575251593623,4.11220528613682e-07,"*"
"Insect hormone biosynthesis",27,30,22,21,0.0245624802006293,6.64564611091618,3.46510195748323,5.76547267996654e-08,1,"IT>ST",0.0460301478010809,2.95219986624793e-07,"*"
"Proteoglycans in cancer",27,30,4.25,4,0.0245724849163665,1.95739203729889,1.39741960764952,5.43194166204835e-07,0.25,"IT>ST",0.0460301478010809,1.14854487879132e-06,"*"
"Structural proteins",27,30,5.53571428571429,5.40013227513228,0.0262334554889274,2.36930327888811,1.91498865421263,3.57493594679444e-07,0.13558201058201,"IT>ST",0.0489119100003834,8.03887712903512e-07,"*"
"Sesquiterpenoid and triterpenoid biosynthesis",27,30,3.5,4,0.0268221653407335,1.36570140037355,1.74886170314482,3.71321422542215e-06,-0.5,"ST>IT",0.0497769487021055,6.1645158039235e-06,"*"
"Phenylpropanoid biosynthesis",27,30,5.125,4.875,0.0283658614300376,1.90500026956752,1.42117501563256,6.96112208669008e-07,0.25,"IT>ST",0.0523980495860417,1.40879851754442e-06,"ns"
"Biosynthesis of vancomycin group antibiotics",27,30,9,8.66666666666667,0.0292053954469254,2.76762943922618,1.75768186554874,5.43194166204835e-07,0.333333333333334,"IT>ST",0.0537002432411209,1.14854487879132e-06,"ns"
"Pathways in cancer",27,30,4.70588235294118,4.64705882352941,0.0305286956918058,2.12010448249433,1.69004702296854,9.65628181147643e-07,0.0588235294117645,"IT>ST",0.0558759155093143,1.84861250895382e-06,"ns"
"Energy metabolism",27,30,4.23076923076923,4.09615384615385,0.0307970127857499,2.2109917403361,1.92200917736122,1.39348404805589e-07,0.134615384615385,"IT>ST",0.0561096260343115,4.32285197389601e-07,"ns"
"Methane metabolism",27,30,5.26666666666667,5.18995006242197,0.0315846014999926,2.22259721937594,1.78112463134942,3.28555500697428e-07,0.0767166042446936,"IT>ST",0.0572829818113503,7.50731654819392e-07,"ns"
"Nitrogen metabolism",27,30,7.12820512820513,7.02564102564103,0.0334315747829183,3.1144667336602,2.38533426130943,1.96967685313669e-07,0.102564102564103,"IT>ST",0.0603583635221013,4.95332936439699e-07,"ns"
"Proximal tubule bicarbonate reclamation",27,30,5.33333333333333,5,0.0337831920922028,2.56452027286623,2.08577946747748,3.19267190242269e-09,0.333333333333333,"IT>ST",0.0606595040592424,1.23353232593604e-07,"ns"
"Estrogen signaling pathway",27,30,7.25,7,0.0339024295869951,2.51361072417596,1.48297257528416,5.44391835288153e-06,0.25,"IT>ST",0.0606595040592424,8.69798984952875e-06,"ns"
"Thiamine metabolism",27,30,10.85,10.475,0.0354558578491986,3.93146689681765,2.79371486430157,6.41030190194806e-07,0.375,"IT>ST",0.063155746793885,1.32896502845265e-06,"ns"
"Galactose metabolism",27,30,6.08333333333333,5.91666666666667,0.0362633815427509,2.17670581523983,1.59964725045626,8.23064873735897e-08,0.166666666666666,"IT>ST",0.064307063269145,3.39614146929861e-07,"ns"
"Amino sugar and nucleotide sugar metabolism",27,30,6.95348837209302,6.86046511627907,0.0369385023444544,2.67988810851561,2.06713934396344,6.96112208669008e-07,0.0930232558139537,"IT>ST",0.0652144355550324,1.40879851754442e-06,"ns"
"Primary immunodeficiency",27,30,7,7.5,0.037132816521949,2.76617605332474,2.0737758458954,1.17033435406856e-07,-0.5,"ST>IT",0.0652686951200777,3.9164732321192e-07,"ns"
"Ribosome",27,30,11.8888888888889,11.6018518518519,0.0423206520507067,4.18370675184551,2.12531523956083,1.39348404805589e-07,0.287037037037038,"IT>ST",0.0740611410887368,4.32285197389601e-07,"ns"
"Peroxisome",27,30,6.26086956521739,6.15340909090909,0.0431121295950047,2.54598741367988,1.95636891524791,2.3269717580507e-08,0.107460474308301,"IT>ST",0.0750705889470588,2.64021427796677e-07,"ns"
"D-Arginine and D-ornithine metabolism",27,30,1.85714285714286,1.85714285714286,0.0432737730772519,1.52603242256314,1.41256879455797,6.67629474494299e-05,0,"tie",0.0750705889470588,9.42666201528495e-05,"ns"
"K01537 (path not available)",27,30,4,3,0.0437092780194596,1.05018782248583,1.02042531826808,0.00897316103332155,1,"IT>ST",0.0754978438517939,0.0111835584726148,"ns"
"Purine metabolism",27,30,8.77551020408163,8.62823464912281,0.044878944742143,3.14609347104052,2.11211668442877,8.23064873735897e-08,0.147275554958826,"IT>ST",0.0768527852022105,3.39614146929861e-07,"ns"
"Prokaryotic defense system",27,30,5.15384615384615,5.06697877652934,0.0448511918956617,2.34440708061828,1.87224576712321,1.4303950660175e-05,0.0868673773168158,"IT>ST",0.0768527852022105,2.13304527388574e-05,"ns"
"Enzymes with EC numbers",27,30,4.22422680412371,4.18235999338551,0.0484055591457873,2.06126114675778,1.71087425029252,8.23064873735897e-08,0.0418668107381972,"IT>ST",0.0825376841844835,3.39614146929861e-07,"ns"
"Terpenoid backbone biosynthesis",27,30,9.36,9.16,0.052074303028824,3.53757654322749,2.64690917293285,1.13561761049018e-06,0.199999999999999,"IT>ST",0.0884155187595778,2.11683107218564e-06,"ns"
"Ubiquinone and other terpenoid-quinone biosynthesis",27,30,5.64705882352941,5.56729055258467,0.0529022180482165,2.65050866086415,2.11896882443735,2.77311190197726e-07,0.0797682709447418,"IT>ST",0.0894002109618147,6.44028720404556e-07,"ns"
"Choline metabolism in cancer",27,30,3,3,0.0533264416263456,1.40677613710512,1.15878376131652,2.94287268928218e-06,0,"tie",0.0894002109618147,5.0229754736744e-06,"ns"
"Phospholipase D signaling pathway",27,30,3,3,0.0533264416263456,1.55949226198126,1.3395436870664,3.86519707619175e-05,0,"tie",0.0894002109618147,5.58744475299828e-05,"ns"
"Carbohydrate metabolism",27,30,4.69230769230769,4.84615384615385,0.0604667139643928,2.38040117182073,2.26213284338887,0.00391698640079895,-0.153846153846153,"ST>IT",0.10094652247612,0.00498418928245375,"ns"
"D-Alanine metabolism",27,30,10.5,10.125,0.0623832430872808,3.93546916094712,2.43580683614865,1.46461382769326e-08,0.375,"IT>ST",0.102855016495145,2.22307455989155e-07,"ns"
"Nitrotoluene degradation",27,30,5.41666666666667,5.29166666666667,0.0623567158169514,2.34853948735112,1.83050796900437,2.33827824286524e-07,0.125000000000001,"IT>ST",0.102855016495145,5.58296771470633e-07,"ns"
"Penicillin and cephalosporin biosynthesis",27,30,3.6,3.75,0.0621801746461243,1.66997221258547,1.26942662957378,6.2660815796801e-09,-0.15,"ST>IT",0.102855016495145,1.77538978090936e-07,"ns"
"Longevity regulating pathway - worm",27,30,9.5,9.4,0.0666454585332879,3.39620709577334,2.00095627764626,4.40305436297811e-08,0.0999999999999996,"IT>ST",0.109430197344781,2.694412822822e-07,"ns"
"Transport",27,30,10.96,10.9,0.0682549159354155,3.73206316627573,2.59481163812846,2.33827824286524e-07,0.0600000000000005,"IT>ST",0.111613571550126,5.58296771470633e-07,"ns"
"Flavonoid biosynthesis",27,30,7,6,0.0700673449763274,1.53347832357285,1.20889509710583,0.000147197101430201,1,"IT>ST",0.113645815632336,0.000200508872140498,"ns"
"Stilbenoid, diarylheptanoid and gingerol biosynthesis",27,30,7,6,0.0700673449763274,1.53347832357285,1.20889509710583,0.000147197101430201,1,"IT>ST",0.113645815632336,0.000200508872140498,"ns"
"Membrane trafficking",27,30,4.9,4.875,0.070789146997919,2.28163013369814,1.77912624086265,2.79552100020011e-08,0.0250000000000004,"IT>ST",0.114351698996638,2.64021427796677e-07,"ns"
"Fluid shear stress and atherosclerosis",27,30,9.625,9.5,0.0746301372979069,3.39098759175981,2.18321276675479,7.55740609004072e-07,0.125,"IT>ST",0.120070261217197,1.5079331400316e-06,"ns"
"Nonribosomal peptide structures",27,30,2.8,2.75,0.0821748141256851,1.54818362080436,1.47442747089046,0.00232996183457041,0.0499999999999998,"IT>ST",0.131677714201399,0.00299164283894993,"ns"
"Phosphonate and phosphinate metabolism",27,30,3.16666666666667,3.22875816993464,0.0855880620817002,1.90318093338441,1.67592720742104,0.000260294939179712,-0.0620915032679741,"ST>IT",0.136598547082394,0.000352310029144515,"ns"
"Phenazine biosynthesis",27,30,8,7.8,0.0859394669742706,2.97970383979092,2.09145240211668,1.44564584554564e-06,0.2,"IT>ST",0.136612937540773,2.62563882203802e-06,"ns"
"alpha-Linolenic acid metabolism",27,30,4.25,4,0.0866065584061134,2.6069829103256,2.11507426543049,0.0004249955956973,0.25,"IT>ST",0.13712705080968,0.000564447275535476,"ns"
"Xylene degradation",27,30,1.90909090909091,1.90909090909091,0.0893206305736355,1.55653261859004,1.53022618256406,0.108229520899946,0,"tie",0.140865342288065,0.12398260480452,"ns"
"Lysosome",27,30,3.95454545454545,3.81818181818182,0.0970024925845221,2.01145528818307,1.78751132499229,2.92379747077773e-05,0.136363636363636,"IT>ST",0.152377931264663,4.27015094529394e-05,"ns"
"Non-homologous end-joining",27,30,1.5,1.5,0.098399716848217,1.12436768297601,1.15287061161169,0.804336537225552,0,"tie",0.153966615774269,0.827719876842618,"ns"
"FoxO signaling pathway",27,30,3.42857142857143,3.42857142857143,0.126917145575251,1.69402366085155,1.29414402452261,1.13561761049018e-06,0,"tie",0.197812269861426,2.11683107218564e-06,"ns"
"Transcription",27,30,4.5,4.375,0.127424395407672,1.98009043354069,1.6341635149804,1.33421479438315e-06,0.125,"IT>ST",0.197830092481171,2.46539690266451e-06,"ns"
"MAPK signaling pathway - plant",27,30,8.75,8.5,0.131732785395328,2.99110393052552,1.54118862265779,1.17033435406856e-07,0.25,"IT>ST",0.203726284390448,3.9164732321192e-07,"ns"
"Antigen processing and presentation",27,30,13,12.5,0.134508842063315,3.77814813302227,1.96476926164026,2.05130177846988e-05,0.5,"IT>ST",0.207216324259702,3.02709463836702e-05,"ns"
"Cyanoamino acid metabolism",27,30,7.41666666666667,7.375,0.142540069556927,2.69907189820419,1.85027187372415,1.657538527354e-07,0.041666666666667,"IT>ST",0.218744183666208,4.95332936439699e-07,"ns"
"Type I polyketide structures",27,30,1.64285714285714,1.60769230769231,0.143308965748855,1.20185398338602,1.16285873364849,0.0315873591380348,0.035164835164835,"IT>ST",0.219081522351698,0.0381381466865477,"ns"
"Others",27,30,4.11111111111111,4.07142857142857,0.153340173158466,1.89253662529583,1.58946118169655,5.04536709565963e-06,0.0396825396825395,"IT>ST",0.233521866756596,8.12227657445206e-06,"ns"
"Zeatin biosynthesis",27,30,9.5,9,0.173332280585005,4.03878134194366,2.28796741135762,3.71321422542215e-06,0.5,"IT>ST",0.234483031043181,6.1645158039235e-06,"ns"
"Lipopolysaccharide biosynthesis proteins",27,30,6.41333333333333,6.3354954954955,0.161887368826523,2.5043887149975,1.90827075714814,1.44564584554564e-06,0.0778378378378379,"IT>ST",0.234483031043181,2.62563882203802e-06,"ns"
"Vitamin B6 metabolism",27,30,6.69230769230769,6.61538461538461,0.155406202243265,2.32575562001755,1.99700468709898,7.63516723517946e-05,0.0769230769230775,"IT>ST",0.234483031043181,0.000106741647202344,"ns"
"Retinol metabolism",27,30,4.88888888888889,4.82638888888889,0.178300536732393,2.15361032692626,1.77270955307153,9.91341395103696e-06,0.0625,"IT>ST",0.234483031043181,1.51010785992499e-05,"ns"
"AGE-RAGE signaling pathway in diabetic complications",27,30,2,2,0.183942828863448,1.36225606131076,1.36975098315737,0.683608626909358,0,"tie",0.234483031043181,0.720927212001184,"ns"
"Acute myeloid leukemia",27,30,2.5,2.5,0.183942828863448,1.54338409196614,1.55462647473605,0.683608626909358,0,"tie",0.234483031043181,0.720927212001184,"ns"
"Adherens junction",27,30,1.6,1.6,0.183942828863448,1.36879407055926,1.34105353709174,0.043203537421375,0,"tie",0.234483031043181,0.0503054887783134,"ns"
"Adrenergic signaling in cardiomyocytes",27,30,2.66666666666667,2.66666666666667,0.183942828863448,2.23724496402077,1.98892719522602,4.22926694175496e-07,0,"tie",0.234483031043181,9.21763307818389e-07,"ns"
"Apelin signaling pathway",27,30,1.5,1.5,0.183942828863448,1.0671775248333,1.00424713749281,1.96878335742346e-07,0,"tie",0.234483031043181,4.95332936439699e-07,"ns"
"Arabinogalactan biosynthesis - Mycobacterium",27,30,18,18,0.168753152234664,4.27966063565168,2.25705642075825,1.4303950660175e-05,0,"tie",0.234483031043181,2.13304527388574e-05,"ns"
"B cell receptor signaling pathway",27,30,2,2,0.183942828863448,1.36225606131076,1.36975098315737,0.683608626909358,0,"tie",0.234483031043181,0.720927212001184,"ns"
"Bile secretion",27,30,2.5,2.5,0.183942828863448,1.69065048467383,1.53542116566703,1.23618135394618e-05,0,"tie",0.234483031043181,1.85645609691563e-05,"ns"
"Breast cancer",27,30,2,2,0.183942828863448,1.13435504966661,1.00849427498561,1.96878335742346e-07,0,"tie",0.234483031043181,4.95332936439699e-07,"ns"
"C-type lectin receptor signaling pathway",27,30,2,2,0.183942828863448,1.36225606131076,1.36975098315737,0.683608626909358,0,"tie",0.234483031043181,0.720927212001184,"ns"
"Cell adhesion molecules",27,30,2.75,2.75,0.183942828863448,1.94646849759762,1.74661238467451,9.20571012437585e-06,0,"tie",0.234483031043181,1.41754594306512e-05,"ns"
"Cell adhesion molecules (CAMs)",27,30,4,4,0.183942828863448,2.8439703527963,2.70526768545868,0.043203537421375,0,"tie",0.234483031043181,0.0503054887783134,"ns"
"Cellular senescence",27,30,1.75,1.75,0.183942828863448,1.27169204598307,1.27731323736803,0.683608626909358,0,"tie",0.234483031043181,0.720927212001184,"ns"
"Chemokine signaling pathway",27,30,2,2,0.183942828863448,1.36225606131076,1.36975098315737,0.683608626909358,0,"tie",0.234483031043181,0.720927212001184,"ns"
"Cholinergic synapse",27,30,1.5,1.5,0.183942828863448,1.0671775248333,1.00424713749281,1.96878335742346e-07,0,"tie",0.234483031043181,4.95332936439699e-07,"ns"
"Chronic myeloid leukemia",27,30,2.5,2.5,0.183942828863448,1.54338409196614,1.55462647473605,0.683608626909358,0,"tie",0.234483031043181,0.720927212001184,"ns"
"Cytokine receptors",27,30,5,5,0.183942828863448,3.47240222487939,3.349920309472,0.101387011671388,0,"tie",0.234483031043181,0.116458053946865,"ns"
"Cytokine-cytokine receptor interaction",27,30,5,5,0.183942828863448,3.47240222487939,3.349920309472,0.101387011671388,0,"tie",0.234483031043181,0.116458053946865,"ns"
"EGFR tyrosine kinase inhibitor resistance",27,30,2,2,0.183942828863448,1.13435504966661,1.00849427498561,1.96878335742346e-07,0,"tie",0.234483031043181,4.95332936439699e-07,"ns"
"Endocrine resistance",27,30,2,2,0.183942828863448,1.13435504966661,1.00849427498561,1.96878335742346e-07,0,"tie",0.234483031043181,4.95332936439699e-07,"ns"
"Endometrial cancer",27,30,2,2,0.183942828863448,1.13435504966661,1.00849427498561,1.96878335742346e-07,0,"tie",0.234483031043181,4.95332936439699e-07,"ns"
"ErbB signaling pathway",27,30,2,2,0.183942828863448,1.13435504966661,1.00849427498561,1.96878335742346e-07,0,"tie",0.234483031043181,4.95332936439699e-07,"ns"
"Fc epsilon RI signaling pathway",27,30,2,2,0.183942828863448,1.13435504966661,1.00849427498561,1.96878335742346e-07,0,"tie",0.234483031043181,4.95332936439699e-07,"ns"
"Fc gamma R-mediated phagocytosis",27,30,1.5,1.5,0.183942828863448,1.0671775248333,1.00424713749281,1.96878335742346e-07,0,"tie",0.234483031043181,4.95332936439699e-07,"ns"
"Focal adhesion",27,30,1.25,1.25,0.183942828863448,1.03358876241665,1.0021235687464,1.96878335742346e-07,0,"tie",0.234483031043181,4.95332936439699e-07,"ns"
"Gastric cancer",27,30,1.66666666666667,1.66666666666667,0.183942828863448,1.37031153294248,1.30696576371926,1.06729060942358e-05,0,"tie",0.234483031043181,1.61999467501794e-05,"ns"
"Glioma",27,30,2,2,0.183942828863448,1.13435504966661,1.00849427498561,1.96878335742346e-07,0,"tie",0.234483031043181,4.95332936439699e-07,"ns"
"Human T-cell leukemia virus 1 infection",27,30,1.66666666666667,1.66666666666667,0.183942828863448,1.25070925022641,1.24965915593382,0.731135567181839,0,"tie",0.234483031043181,0.75604042835105,"ns"
"Jak-STAT signaling pathway",27,30,1.5,1.5,0.183942828863448,1.0671775248333,1.00424713749281,1.96878335742346e-07,0,"tie",0.234483031043181,4.95332936439699e-07,"ns"
"Melanoma",27,30,2,2,0.183942828863448,1.13435504966661,1.00849427498561,1.96878335742346e-07,0,"tie",0.234483031043181,4.95332936439699e-07,"ns"
"Neurotrophin signaling pathway",27,30,1.6,1.6,0.183942828863448,1.21735363678645,1.22185058989442,0.683608626909358,0,"tie",0.234483031043181,0.720927212001184,"ns"
"Non-small cell lung cancer",27,30,2,2,0.183942828863448,1.13435504966661,1.00849427498561,1.96878335742346e-07,0,"tie",0.234483031043181,4.95332936439699e-07,"ns"
"Pancreatic cancer",27,30,2.5,2.5,0.183942828863448,1.54338409196614,1.55462647473605,0.683608626909358,0,"tie",0.234483031043181,0.720927212001184,"ns"
"Parathyroid hormone synthesis, secretion and action",27,30,2.5,2.5,0.183942828863448,1.39859568848287,1.07830972740207,1.77712929820979e-05,0,"tie",0.234483031043181,2.63163746250578e-05,"ns"
"Platelet activation",27,30,1.33333333333333,1.33333333333333,0.183942828863448,1.04478501655554,1.0028314249952,1.96878335742346e-07,0,"tie",0.234483031043181,4.95332936439699e-07,"ns"
"Rap1 signaling pathway",27,30,1.5,1.5,0.183942828863448,1.0671775248333,1.00424713749281,1.96878335742346e-07,0,"tie",0.234483031043181,4.95332936439699e-07,"ns"
"Ras signaling pathway",27,30,2.5,2.5,0.183942828863448,1.54338409196614,1.55462647473605,0.683608626909358,0,"tie",0.234483031043181,0.720927212001184,"ns"
"Relaxin signaling pathway",27,30,2,2,0.183942828863448,1.36225606131076,1.36975098315737,0.683608626909358,0,"tie",0.234483031043181,0.720927212001184,"ns"
"Signaling pathways regulating pluripotency of stem cells",27,30,2,2,0.183942828863448,1.13435504966661,1.00849427498561,1.96878335742346e-07,0,"tie",0.234483031043181,4.95332936439699e-07,"ns"
"T cell receptor signaling pathway",27,30,2,2,0.183942828863448,1.36225606131076,1.36975098315737,0.683608626909358,0,"tie",0.234483031043181,0.720927212001184,"ns"
"TNF signaling pathway",27,30,1.5,1.5,0.183942828863448,1.18112803065538,1.18487549157868,0.683608626909358,0,"tie",0.234483031043181,0.720927212001184,"ns"
"Thyroid hormone signaling pathway",27,30,1.25,1.25,0.183942828863448,1.03358876241665,1.0021235687464,1.96878335742346e-07,0,"tie",0.234483031043181,4.95332936439699e-07,"ns"
"Toll-like receptor signaling pathway",27,30,1.75,1.75,0.183942828863448,1.27169204598307,1.27731323736803,0.683608626909358,0,"tie",0.234483031043181,0.720927212001184,"ns"
"VEGF signaling pathway",27,30,2,2,0.183942828863448,1.13435504966661,1.00849427498561,1.96878335742346e-07,0,"tie",0.234483031043181,4.95332936439699e-07,"ns"
"cAMP signaling pathway",27,30,1.6,1.6,0.183942828863448,1.21735363678645,1.22185058989442,0.683608626909358,0,"tie",0.234483031043181,0.720927212001184,"ns"
"cGMP-PKG signaling pathway",27,30,1.33333333333333,1.33333333333333,0.183942828863448,1.04478501655554,1.0028314249952,1.96878335742346e-07,0,"tie",0.234483031043181,4.95332936439699e-07,"ns"
"Spliceosome",27,30,2.22222222222222,2.27777777777778,0.15681688210461,1.63506713211048,1.50994822117318,6.96112208669008e-07,-0.0555555555555554,"ST>IT",0.234483031043181,1.40879851754442e-06,"ns"
"K10829 (path not available)",27,30,6,6,0.200220988128533,3.31219847196257,3.45703277256932,0.0502524898793944,0,"tie",0.254420937144219,0.0581943002690535,"ns"
"AMPK signaling pathway",27,30,3.53846153846154,3.42857142857143,0.204226832519808,1.78340372818023,1.44679791356424,1.39348404805589e-07,0.10989010989011,"IT>ST",0.258687321191757,4.32285197389601e-07,"ns"
"MAPK signaling pathway - yeast",27,30,1.25,1.33333333333333,0.206007357793656,1.02557414689291,1.1485359633716,0.00685483996457195,-0.0833333333333333,"ST>IT",0.260116885315408,0.00861925143474284,"ns"
"GTP-binding proteins",27,30,3,3,0.207471712064957,1.5647712064907,1.51884047893608,0.0237302567029936,0,"tie",0.261139473545483,0.0287332168056191,"ns"
"Synaptic vesicle cycle",27,30,2,2,0.211032403252637,1.54779228660593,1.58712369378589,0.333585198537392,0,"tie",0.264785939930196,0.373088708890504,"ns"
"MicroRNAs in cancer",27,30,2.875,3,0.2218941670449,1.62765675030525,1.43335340018441,0.00742838737667119,-0.125,"ST>IT",0.27754160705616,0.00928548422083898,"ns"
"Monobactam biosynthesis",27,30,10.7272727272727,10.6363636363636,0.223223873241749,3.49500764482028,2.27303489048368,4.59835445975903e-07,0.0909090909090899,"IT>ST",0.278332266948305,9.8702052797858e-07,"ns"
"Glutamatergic synapse",27,30,7.6,7.5,0.2336596991089,2.71575440477021,1.85356773004669,2.94287268928218e-06,0.0999999999999996,"IT>ST",0.290436822256857,5.0229754736744e-06,"ns"
"Prodigiosin biosynthesis",27,30,15.75,15.375,0.236139789078016,5.13155645858076,2.7643588608415,1.80710373295139e-07,0.375,"IT>ST",0.292607999509715,4.95332936439699e-07,"ns"
"Amyotrophic lateral sclerosis (ALS)",27,30,5.75,6,0.249293405129284,2.59395372859843,2.48061828118221,0.0400046260248713,-0.25,"ST>IT",0.30795067692441,0.0468373720676867,"ns"
"Glycosphingolipid biosynthesis - ganglio series",27,30,6,6,0.255498434552991,3.83038537592295,3.66719212343082,0.904589436644855,0,"tie",0.314641590699517,0.921943670441399,"ns"
"Pantothenate and CoA biosynthesis",27,30,9.08,9.04083333333333,0.259713923340004,3.23991139301517,2.07921441046315,3.67418554688081e-08,0.0391666666666683,"IT>ST",0.318848785885113,2.694412822822e-07,"ns"
"Pertussis",27,30,3.92307692307692,3.84615384615385,0.291426563158703,1.65833199546828,1.45573215697714,0.000644454257813982,0.0769230769230766,"IT>ST",0.3555938798175,0.000842747875602899,"ns"
"Riboflavin metabolism",27,30,6.04761904761905,6.04761904761905,0.290607245067696,2.59687388196671,1.9620055482579,4.59835445975903e-07,0,"tie",0.3555938798175,9.8702052797858e-07,"ns"
"Apoptosis - fly",27,30,6.2,6.2,0.308882030583512,2.20432160210029,1.96392025796598,0.00031339829318964,0,"tie",0.367892328963645,0.000422838967001895,"ns"
"Basal cell carcinoma",27,30,1,1,0.308223791825887,1,1,0.308223791825887,0,"tie",0.367892328963645,0.345633539646443,"ns"
"Hedgehog signaling pathway",27,30,1,1,0.308223791825887,1,1,0.308223791825887,0,"tie",0.367892328963645,0.345633539646443,"ns"
"Hedgehog signaling pathway - fly",27,30,1.5,1.5,0.308223791825887,1.18606248036127,1.18667405884574,0.467112016861972,0,"tie",0.367892328963645,0.515643135496982,"ns"
"Inflammatory mediator regulation of TRP channels",27,30,1,1,0.308223791825887,1,1,0.308223791825887,0,"tie",0.367892328963645,0.345633539646443,"ns"
"MAPK signaling pathway",27,30,1.55555555555556,1.55555555555556,0.306012150941362,1.21539620220294,1.16010112679547,0.000147197101430201,0,"tie",0.367892328963645,0.000200508872140498,"ns"
"Measles",27,30,3.4,3.4,0.306012150941362,2.18131305813588,1.99735911208522,0.00287624629723909,0,"tie",0.367892328963645,0.0036819417961645,"ns"
"Steroid hormone biosynthesis",27,30,4.28571428571429,4.58333333333333,0.303609926435873,1.80934222162724,1.54187493638059,7.14052059551345e-05,-0.297619047619048,"ST>IT",0.367892328963645,0.00010015581693377,"ns"
"General function prediction only",27,30,4.90909090909091,4.92210012210012,0.317742104026373,2.13321936986319,1.68741134830931,7.53261683847852e-08,-0.0130092130092132,"ST>IT",0.377318748531318,3.3698549014246e-07,"ns"
"CD molecules",27,30,5.14285714285714,5,0.369088723245904,2.53290034361203,2.15650145500897,6.96112208669008e-07,0.142857142857143,"IT>ST",0.435699409985549,1.40879851754442e-06,"ns"
"Polycyclic aromatic hydrocarbon degradation",27,30,1.66666666666667,1.66666666666667,0.368884779576998,1.16170367650461,1.2463485917426,4.14202503690458e-05,0,"tie",0.435699409985549,5.94716432663665e-05,"ns"
"Basal transcription factors",27,30,2,2,0.397100310660234,1.54174366803533,1.56511586189426,1,0,"tie",0.466008893980687,1,"ns"
"Fructose and mannose metabolism",27,30,5.11111111111111,5.12560118386977,0.396828480163164,2.28044102399239,1.88910182833452,7.53261683847852e-08,-0.0144900727586634,"ST>IT",0.466008893980687,3.3698549014246e-07,"ns"
"Plant hormone signal transduction",27,30,2.66666666666667,2.66666666666667,0.410118690543111,1.90072481188688,1.83352671313185,0.341637095013721,0,"tie",0.479874948758655,0.380093626651391,"ns"
"Ethylbenzene degradation",27,30,9,9,0.422404073923175,5.19962712680331,3.54148864227248,3.36334588708672e-05,0,"tie",0.491368004359612,4.878573385706e-05,"ns"
"Viral proteins",27,30,1.25,1.25,0.422404073923175,1.00693407067689,1.00679366440884,0.902474718788054,0,"tie",0.491368004359612,0.921943670441399,"ns"
"Prion diseases",27,30,5,5,0.4371721203586,3.61092015477,2.86700692674185,1.21489875561124e-08,0,"tie",0.507068825648492,1.91234063383251e-07,"ns"
"Hepatocellular carcinoma",27,30,3.4,3.4,0.442168845769294,1.76258503232383,1.46998992703264,1.10608000400264e-08,0,"tie",0.511377882498401,1.80801539115816e-07,"ns"
"Biosynthesis of enediyne antibiotics",27,30,1.5,1.5,0.449800526714156,1.27999368840701,1.1615045680719,4.22926694175496e-07,0,"tie",0.518700607395805,9.21763307818389e-07,"ns"
"Parkinson disease",27,30,4.36363636363636,4.36363636363636,0.478343867372035,2.0607383867444,1.67116570267748,7.55740609004072e-07,0,"tie",0.550026521848536,1.5079331400316e-06,"ns"
"Lipid metabolism",27,30,1.5,1.5,0.479901035598988,1.16746571753965,1.11778739504017,0.00555598579289632,0,"tie",0.550231359781598,0.00702766060113373,"ns"
"RNA transport",27,30,4.875,4.875,0.492126921952561,2.09656326309446,1.57550820495894,4.01047541965057e-06,0,"tie",0.562632211630578,6.60640330756392e-06,"ns"
"Glycosylphosphatidylinositol (GPI)-anchored proteins",27,30,6.8,6.8,0.497959600413789,2.71654868951809,1.96620100469649,8.20274156880658e-07,0,"tie",0.567673944471719,1.60652772660958e-06,"ns"
"Glycosaminoglycan binding proteins",27,30,2.33333333333333,2.25,0.505891815234691,1.12246577126237,1.07443343057068,0.00583496986232862,0.0833333333333335,"IT>ST",0.575073601933452,0.00735864151777348,"ns"
"Prolactin signaling pathway",27,30,4,4,0.514723090857452,1.7257305764677,1.4683804653219,1.14877681562936e-05,0,"tie",0.583450321738987,1.73131257674638e-05,"ns"
"Staphylococcus aureus infection",27,30,1.2,1.2,0.522209191814226,1.07513278555498,1.08337021007962,0.85415148423142,0,"tie",0.590259114826844,0.876846330430806,"ns"
"Lipopolysaccharide biosynthesis",27,30,10.8461538461538,10.7646153846154,0.548797949294004,3.93576366183652,2.51897150813537,8.90098522237483e-07,0.0815384615384609,"IT>ST",0.618560400475446,1.71172792737977e-06,"ns"
"Photosynthesis proteins",27,30,4.41935483870968,4.41935483870968,0.574950934671925,2.17934683240276,1.57159207765514,3.28555500697428e-07,0,"tie",0.646212458969291,7.50731654819392e-07,"ns"
"Alzheimer disease",27,30,5.92307692307692,5.88461538461539,0.57828190871671,2.54284517481526,1.85067612638582,2.77311190197726e-07,0.0384615384615383,"IT>ST",0.648130566230245,6.44028720404556e-07,"ns"
"Arachidonic acid metabolism",27,30,3,3,0.585687458666252,2.01040311650306,1.99762165856751,0.929954880722324,0,"tie",0.654591865568164,0.94552828781576,"ns"
"Carbapenem biosynthesis",27,30,8,8.33333333333333,0.59553289550565,3.29106184746858,1.85860995787104,5.04536709565963e-06,-0.333333333333334,"ST>IT",0.66373638353842,8.12227657445206e-06,"ns"
"Influenza A",27,30,3.09090909090909,3.18181818181818,0.624944394726683,1.81517065766243,1.69518023280233,0.00128013999557405,-0.0909090909090908,"ST>IT",0.692646704155407,0.0016536762860759,"ns"
"Toxoplasmosis",27,30,3.14285714285714,3.28571428571429,0.624944394726683,1.54622741734642,1.54743237230135,0.695382094351098,-0.142857142857143,"ST>IT",0.692646704155407,0.722585305866056,"ns"
"Atrazine degradation",27,30,3,3,0.634687002815936,1.96769579095785,1.55868711925462,8.20274156880658e-07,0,"tie",0.699558326308172,1.60652772660958e-06,"ns"
"Calcium signaling pathway",27,30,1.5,1.5,0.634687002815936,1.2936510019371,1.31053365684994,0.993623715130962,0,"tie",0.699558326308172,0.995967581561676,"ns"
"Photosynthesis",27,30,7.6875,7.92857142857143,0.648096516356016,3.17068718368336,2.04917042468486,5.90160908406535e-07,-0.241071428571429,"ST>IT",0.712370551035952,1.23555855208265e-06,"ns"
"Epithelial cell signaling in Helicobacter pylori infection",27,30,6.66666666666667,6.66666666666667,0.65323877629069,2.81907648197358,2.09442386084205,1.80710373295139e-07,0,"tie",0.716050197087872,4.95332936439699e-07,"ns"
"Antifolate resistance",27,30,11.8571428571429,11.9285714285714,0.687841820792311,4.40471685972537,3.03490588537817,5.04536709565963e-06,-0.0714285714285712,"ST>IT",0.75191475752365,8.12227657445206e-06,"ns"
"Dioxin degradation",27,30,2.5,2.5,0.701221102223819,1.86042499649761,1.88342257694962,0.879320983992387,0,"tie",0.764445955703016,0.900509441437986,"ns"
"Prenyltransferases",27,30,6.5625,6.45208333333333,0.71298886541021,2.72929442406854,1.9420874519948,9.81945429777794e-08,0.110416666666667,"IT>ST",0.774713453442572,3.59764489358243e-07,"ns"
"Osteoclast differentiation",27,30,2,2,0.714522683876859,1.27300901888366,1.27810609760005,0.707229469383385,0,"tie",0.774713453442572,0.733103718263265,"ns"
"Glycosphingolipid biosynthesis - globo and isoglobo series",27,30,6,6,0.734740445137309,2.92431904283635,2.66805236496791,0.0168793424273918,0,"tie",0.794475440676928,0.02061413945874,"ns"
"Protein digestion and absorption",27,30,3.66666666666667,3.6,0.740099032357445,1.57750744099624,1.32915949234554,1.69594992616501e-06,0.0666666666666664,"IT>ST",0.797967246682597,3.01581053815953e-06,"ns"
"Secondary bile acid biosynthesis",27,30,5.5,5.5,0.741969545161011,2.72954282392213,2.32558535574356,0.000376516163856234,0,"tie",0.797967246682597,0.00050162811799028,"ns"
"Non-alcoholic fatty liver disease (NAFLD)",27,30,4.07692307692308,4.07692307692308,0.769094623709109,2.00184468224933,1.66048223380994,8.90098522237483e-07,0,"tie",0.824916007687996,1.71172792737977e-06,"ns"
"Mitophagy - yeast",27,30,1.4,1.4,0.779242129922089,1.14139305405637,1.1509341828134,0.98087401372223,0,"tie",0.831330507590677,0.992551085314161,"ns"
"Regulation of lipolysis in adipocytes",27,30,3.5,3.5,0.779242129922089,1.58908983301557,1.39912389220024,0.000644454257813982,0,"tie",0.831330507590677,0.000842747875602899,"ns"
"Linoleic acid metabolism",27,30,3.5,3.5,0.801574792367873,2.0644963139315,2.01640596636085,0.942665975279447,0,"tie",0.848792800896434,0.956164772061491,"ns"
"Mineral absorption",27,30,3,3,0.799489839559517,2.16936868476759,1.96384164706991,0.383740504161915,0,"tie",0.848792800896434,0.424712797575036,"ns"
"Staurosporine biosynthesis",27,30,2,2,0.801992195333222,1.06473776724841,1.14443577079882,7.14052059551345e-05,0,"tie",0.848792800896434,0.00010015581693377,"ns"
"Apoptosis",27,30,2.54545454545455,2.54545454545455,0.828979644713991,1.45181199574624,1.42945458169341,0.349812295852275,0,"tie",0.875034069420324,0.388172913152002,"ns"
"Huntington disease",27,30,4.5,4.5625,0.847060992061696,2.29279686742802,1.8257456866628,2.54674541531267e-07,-0.0625,"ST>IT",0.891760780560994,6.01314889726602e-07,"ns"
"Apoptosis - multiple species",27,30,6.5,6.5,0.875939772729936,2.30508346286318,2.34046604704836,0.993624128428589,0,"tie",0.893861814115715,0.995967581561676,"ns"
"Colorectal cancer",27,30,5,5,0.868707585118289,1.92378725297781,1.92686259312433,0.253154502506258,0,"tie",0.893861814115715,0.286145381822233,"ns"
"Epstein-Barr virus infection",27,30,2.54545454545455,2.54545454545455,0.868707585118289,1.57748045132576,1.50369207472118,0.0161588598712802,0,"tie",0.893861814115715,0.0197911107933548,"ns"
"Hepatitis B",27,30,3,3,0.868707585118289,1.53622398846829,1.54133181056465,0.695382094351098,0,"tie",0.893861814115715,0.722585305866056,"ns"
"Hepatitis C",27,30,3.875,3.875,0.868707585118289,2.11974060220801,1.95432293024998,0.000965795550370709,0,"tie",0.893861814115715,0.00125523886516071,"ns"
"Herpes simplex infection",27,30,3.1,3.1,0.875939772729936,1.83642754856724,1.73968940000716,0.00708153395264408,0,"tie",0.893861814115715,0.00887802929166293,"ns"
"Human cytomegalovirus infection",27,30,3.8,3.8,0.868707585118289,1.7507135838556,1.75786453479051,0.695382094351098,0,"tie",0.893861814115715,0.722585305866056,"ns"
"Human immunodeficiency virus 1 infection",27,30,2.75,2.75,0.868707585118289,1.46919598990975,1.47366533424407,0.695382094351098,0,"tie",0.893861814115715,0.722585305866056,"ns"
"Kaposi sarcoma-associated herpesvirus infection",27,30,3.33333333333333,3.33333333333333,0.868707585118289,1.625594653213,1.63155377899209,0.695382094351098,0,"tie",0.893861814115715,0.722585305866056,"ns"
"Small cell lung cancer",27,30,2.55555555555556,2.55555555555556,0.868707585118289,1.417063102142,1.42103585266139,0.695382094351098,0,"tie",0.893861814115715,0.722585305866056,"ns"
"Viral myocarditis",27,30,6.5,6.5,0.875939772729936,2.30508346286318,2.34046604704836,0.993624128428589,0,"tie",0.893861814115715,0.995967581561676,"ns"
"p53 signaling pathway",27,30,6.5,6.5,0.875939772729936,2.30508346286318,2.34046604704836,0.993624128428589,0,"tie",0.893861814115715,0.995967581561676,"ns"
"Glycan metabolism",27,30,4,4,0.91421131824831,1.78619108242182,1.60220742545054,0.000129338205190578,0,"tie",0.930536520359887,0.000178469925993492,"ns"
"Sphingolipid metabolism",27,30,6.83333333333333,6.87121212121212,0.923429972917358,2.51005417592365,1.94579413284616,1.98763209802877e-06,-0.0378787878787881,"ST>IT",0.937528140442814,3.49067620521581e-06,"ns"
"Drug metabolism - other enzymes",27,30,10.25,10,0.936234117454423,4.05092011041201,2.42344021140522,9.16126255037545e-09,0.25,"IT>ST",0.948115261076941,1.80801539115816e-07,"ns"
"Ubiquitin system",27,30,2,2,0.940175414448929,1.47802437231341,1.35677820736448,3.43714092606097e-06,0,"tie",0.949696178139551,5.77385333429214e-06,"ns"
"Proteasome",27,30,3.58333333333333,3.54545454545455,0.968065622333147,1.87586639657405,1.53476655985483,0.000333245110053012,0.0378787878787881,"IT>ST",0.975399452805368,0.000446779721679906,"ns"
"Cell growth",27,30,3.86363636363636,3.82608695652174,0.97444837914155,2.32474859869678,2.14804317401056,0.000683288163197262,0.0375494071146245,"IT>ST",0.979357438986092,0.000890789783309314,"ns"
"Rheumatoid arthritis",27,30,2,2,0.983910680753797,1.00517354992193,1.00238748994264,0.335164001706491,0,"tie",0.986382818142625,0.373870605578107,"ns"
"Folate biosynthesis",27,30,8.26315789473684,8.23968705547653,0.987244322982494,3.43251094838252,2.38407978370135,3.57493594679444e-07,0.0234708392603125,"IT>ST",0.987244322982494,8.03887712903512e-07,"ns"
"Amoebiasis",27,30,2,2,NA,1.47527612345182,1.55671086483056,0.00302996533400142,0,"tie",NA,0.00386707287372553,"n.a."
"Arrhythmogenic right ventricular cardiomyopathy (ARVC)",27,30,1.5,1.5,NA,1.44148708114294,1.21508562994506,1.77389180346224e-09,0,"tie",NA,1.23105074119463e-07,"n.a."
"Axon guidance",27,30,1,1,NA,1,1,NA,0,"tie",NA,NA,"n.a."
"Biosynthesis of type II polyketide backbone",27,30,1,1,NA,1,1,NA,0,"tie",NA,NA,"n.a."
"Caffeine metabolism",27,30,1,1,NA,1,1,NA,0,"tie",NA,NA,"n.a."
"Cell cycle",27,30,1,1,NA,1,1,NA,0,"tie",NA,NA,"n.a."
"Cell cycle - yeast",27,30,1,1,NA,1,1,NA,0,"tie",NA,NA,"n.a."
"Cholesterol metabolism",27,30,1.5,1.5,NA,1.18745944439011,1.16093594711714,0.253154502506258,0,"tie",NA,0.286145381822233,"n.a."
"Circadian rhythm",27,30,1,1,NA,1,1,NA,0,"tie",NA,NA,"n.a."
"Complement and coagulation cascades",27,30,1,1,NA,1,1,NA,0,"tie",NA,NA,"n.a."
"Cutin, suberine and wax biosynthesis",27,16,1,1,NA,1,1,NA,0,"tie",NA,NA,"n.a."
"Cytosolic DNA-sensing pathway",27,30,2,2,NA,1.46133806606574,1.5519268528478,0.0384820161881318,0,"tie",NA,0.0451791626518121,"n.a."
"Diterpenoid biosynthesis",27,30,1,1,NA,1,1,NA,0,"tie",NA,NA,"n.a."
"ECM-receptor interaction",27,30,1,1,NA,1,1,NA,0,"tie",NA,NA,"n.a."
"Endocrine and other factor-regulated calcium reabsorption",27,30,1.5,1.5,NA,1.47208175112291,1.37350806485841,0.0135401886004298,0,"tie",NA,0.0166317345525511,"n.a."
"Fat digestion and absorption",27,30,2,2,NA,1.30272785843305,1.18499800964416,0.0123773179938534,0,"tie",NA,0.0152474207170658,"n.a."
"Fatty acid elongation",27,30,1,1,NA,1,1,NA,0,"tie",NA,NA,"n.a."
"Flavone and flavonol biosynthesis",27,30,4,4,NA,1.519656609207,1.12706748087658,0.000121194396268419,0,"tie",NA,0.000167777258677778,"n.a."
"Fluorobenzoate degradation",27,30,1.8,1.8,NA,1.25245120509675,1.10521972597713,2.62731131778923e-09,0,"tie",NA,1.23105074119463e-07,"n.a."
"Furfural degradation",27,30,1,1,NA,1,1,NA,0,"tie",NA,NA,"n.a."
"G protein-coupled receptors",27,30,1.42857142857143,1.42857142857143,NA,1.3703835084538,1.28389721106697,9.32074725835708e-05,0,"tie",NA,0.000129454823032737,"n.a."
"Gap junction",27,30,1,1,NA,1,1,NA,0,"tie",NA,NA,"n.a."
"Glycosaminoglycan biosynthesis - heparan sulfate / heparin",27,30,1,1,NA,1,1,NA,0,"tie",NA,NA,"n.a."
"Glycosylphosphatidylinositol (GPI)-anchor biosynthesis",27,30,1.25,1.25,NA,1.15943430923279,1.24242835885312,3.87582545575851e-09,0,"tie",NA,1.37268818224781e-07,"n.a."
"Hippo signaling pathway",27,30,1,1,NA,1,1,NA,0,"tie",NA,NA,"n.a."
"Hippo signaling pathway - fly",27,30,2,2,NA,1.36411831168568,1.15464774443785,3.35507970492563e-08,0,"tie",NA,2.694412822822e-07,"n.a."
"Hippo signaling pathway - multiple species",27,30,2.5,2.5,NA,1.54617746752852,1.23197161665677,3.35507970492563e-08,0,"tie",NA,2.694412822822e-07,"n.a."
"Inflammatory bowel disease (IBD)",27,30,3,3,NA,1.92267613213148,2.10385370569559,0.0384820161881318,0,"tie",NA,0.0451791626518121,"n.a."
"K10834 (path not available)",27,30,1,1,NA,1,1,NA,0,"tie",NA,NA,"n.a."
"K12956 (path not available)",27,30,1,1,NA,1,1,NA,0,"tie",NA,NA,"n.a."
"Lectins",27,30,1,1,NA,1,1,NA,0,"tie",NA,NA,"n.a."
"Leishmaniasis",27,30,2,2,NA,1.46133806606574,1.5519268528478,0.0384820161881318,0,"tie",NA,0.0451791626518121,"n.a."
"Leukocyte transendothelial migration",27,30,1,1,NA,1,1,NA,0,"tie",NA,NA,"n.a."
"Long-term potentiation",27,30,1,1,NA,1,1,NA,0,"tie",NA,NA,"n.a."
"Melanogenesis",27,30,1,1,NA,1,1,NA,0,"tie",NA,NA,"n.a."
"Mitophagy - animal",27,30,1,1,NA,1,1,NA,0,"tie",NA,NA,"n.a."
"Monoterpenoid biosynthesis",18,25,1,1,NA,1,1,NA,0,"tie",NA,NA,"n.a."
"Morphine addiction",27,30,1,1,NA,1,1,NA,0,"tie",NA,NA,"n.a."
"NF-kappa B signaling pathway",27,30,1.33333333333333,1.33333333333333,NA,1.15377935535525,1.18397561761593,0.0384820161881318,0,"tie",NA,0.0451791626518121,"n.a."
"Neuroactive ligand-receptor interaction",27,30,1.75,1.75,NA,1.54124329711018,1.40625237479238,8.16209353680546e-05,0,"tie",NA,0.000113734090266961,"n.a."
"Notch signaling pathway",27,30,1,1,NA,1,1,NA,0,"tie",NA,NA,"n.a."
"Oocyte meiosis",27,30,1,1,NA,1,1,NA,0,"tie",NA,NA,"n.a."
"Other types of O-glycan biosynthesis",27,30,2,2,NA,1.93423436638626,1.68175027794076,0.00178105999476625,0,"tie",NA,0.00229378938719895,"n.a."
"Oxytocin signaling pathway",27,30,1.25,1.25,NA,1.22074354057147,1.10754281497253,1.77389180346224e-09,0,"tie",NA,1.23105074119463e-07,"n.a."
"Pancreatic secretion",27,30,4,4,NA,2.69098788759001,2.42517315344773,0.0484055591457873,0,"tie",NA,0.0562086410845891,"n.a."
"Pattern recognition receptors",27,30,1,1,NA,1,1,NA,0,"tie",NA,NA,"n.a."
"Phagosome",27,30,1,1,NA,1,1,NA,0,"tie",NA,NA,"n.a."
"Photosynthesis - antenna proteins",27,30,1,1,NA,1,1,NA,0,"tie",NA,NA,"n.a."
"Phototransduction - fly",27,30,1,1,NA,1,1,NA,0,"tie",NA,NA,"n.a."
"Proteoglycans",27,30,1,1,NA,1,1,NA,0,"tie",NA,NA,"n.a."
"RIG-I-like receptor signaling pathway",27,30,1.4,1.4,NA,1.1845352264263,1.22077074113912,0.0384820161881318,0,"tie",NA,0.0451791626518121,"n.a."
"Regulation of actin cytoskeleton",27,30,1,1,NA,1,1,NA,0,"tie",NA,NA,"n.a."
"Renin secretion",27,30,1,1,NA,1,1,NA,0,"tie",NA,NA,"n.a."
"Shigellosis",27,30,1.5,1.5,NA,1.23066903303287,1.2759634264239,0.0384820161881318,0,"tie",NA,0.0451791626518121,"n.a."
"Systemic lupus erythematosus",27,30,1,1,NA,1,1,NA,0,"tie",NA,NA,"n.a."
"TGF-beta signaling pathway",27,30,1,1,NA,1,1,NA,0,"tie",NA,NA,"n.a."
"Taste transduction",27,30,1,1,NA,1,1,NA,0,"tie",NA,NA,"n.a."
"Th1 and Th2 cell differentiation",27,30,2,2,NA,1.46133806606574,1.5519268528478,0.0384820161881318,0,"tie",NA,0.0451791626518121,"n.a."
"Tight junction",27,30,1,1,NA,1,1,NA,0,"tie",NA,NA,"n.a."
"Toll and Imd signaling pathway",27,30,1.33333333333333,1.33333333333333,NA,1.15377935535525,1.18397561761593,0.0384820161881318,0,"tie",NA,0.0451791626518121,"n.a."
"Transcriptional misregulation in cancer",27,30,1.66666666666667,1.66666666666667,NA,1.30755871071049,1.36795123523186,0.0384820161881318,0,"tie",NA,0.0451791626518121,"n.a."
"Vasopressin-regulated water reabsorption",27,30,3,3,NA,2.40521838492804,2.54357660926932,0.119172638786018,0,"tie",NA,0.136151536247466,"n.a."
"Vibrio cholerae infection",27,30,2.25,2.25,NA,1.61914756353289,1.54303010549397,0.0123773179938534,0,"tie",NA,0.0152474207170658,"n.a."
"Wnt signaling pathway",27,30,1,1,NA,1,1,NA,0,"tie",NA,NA,"n.a."
