"","IT1","IT2","IT3","IT4","IT5","IT6","IT7","IT8","IT9","IT10","IT11","IT12","IT13","IT14","IT15","IT16","IT17","IT18","IT19","IT20","IT21","IT22","IT23","IT24","IT25","IT26","IT27","ST1","ST2","ST3","ST4","ST5","ST6","ST7","ST8","ST9","ST10","ST11","ST12","ST13","ST14","ST15","ST16","ST17","ST18","ST19","ST20","ST21","ST22","ST23","ST24","ST25","ST26","ST27","ST28","ST29","ST30"
"Abditibacteriota",0,0,0,0.000222380359366661,0,0,0,0,0,0,0,0,0,0,0,0,0,0,0,0,0,0,0,0,0,0,0,0,0,0,0,0,0,0,0,0,0,0,0,0,0,0,0,0,0,0,0,0,0,0,0,0,0,0,0,0,0
"Acidobacteriota",0.00517388172113432,0.00320473314433625,0.00200868314961518,0.00431417897171322,0.00246678068675174,0.00268607573000607,0.012113629254699,0.0143379522709777,0.0293002974856351,0.00211327134404058,0.00291545189504373,0.00230115428868352,0.0217355326308821,0.00245743373705459,0.00432619923386251,0.00234658517285601,0.00337484551763476,0.00265794316090779,0.00342371952889619,0.00531154452201317,0.0291382185351528,0.0571999600279804,0.00635880624010852,0.00513634275692154,0.0174190562038639,0.00209899113006974,0.00876043577552319,0.000372067674393621,0.000489601790543691,0.000823723228995058,0.00192294245157681,0.0026882881326654,0.000769329401205283,0.000432862955588261,0.00115861946035071,0.00469192195025073,0.000965317520512997,0.00173236600369645,0.00428393699678411,0.0035112038630859,0.002759777121797,0.00190739509326987,0.00126353997955363,0.00320830007980846,0.00473352533576663,0.0014808831448573,0.000618886348398632,0.00238688902532232,0.00065739107279566,0.000336879930378148,0.000167048257293622,0.00143183771424865,0.000967649082264462,0.000775728436801298,0.00765392484434566,0.00125044325413859,0.000559024797682349
"Actinomycetota",0.00170279651581636,0.00178725502280291,0.000909193425615291,0.00378046610923323,0.00210498618602815,0.00135747913236866,0.00241703870105497,0.0444160343121082,0.00160968254615102,0.00171879402648633,0.00164461388951185,0.00115057714434176,0.0023445688751586,0.00400210637177462,0.00268719864305998,0.00158258069797266,0.00185378838292613,0.00304130034757718,0.00279375513557929,0.00166964071418882,0.00379275393765735,0.00245328270210852,0.00155437485869319,0.00434292395707187,0.00299656491339197,0.00206513643442345,0.00318220957657894,0.00064980833274379,0.000442973048587149,6.14718827608252e-05,0.000154834327269821,0.000129556054586284,0.000320553917168868,0.000259717773352956,0.000200530291214545,0.000397199741820168,0.000741225953251052,0.000193098121431133,0.000598577498180794,0.000236111322680397,0.000698677752353671,0.00041997690127043,0.000124056652537992,9.04495876562916e-05,0.000370697767258833,0.000726978998384491,0.000670460210765184,0.000175414416559121,0.000665712478780415,0.00106678644619747,0.000137569153065336,5.0268368223905e-05,6.12436128015482e-05,7.67785824820398e-05,0.000647639794521556,0.000503909968085702,3.94605739540482e-05
"Armatimonadota",0,6.16294835449279e-05,0,4.44760718733321e-05,6.57808183133798e-05,0,5.68714988483522e-05,1.37468382272077e-05,0,0,0,3.711539175296e-05,2.758316323716e-05,0,0,0,4.75330354596445e-05,7.66714373338786e-05,2.73897562311695e-05,0.000114787799100481,2.67513992467995e-05,0,0,0.000208794421013071,4.87246327380807e-05,0,0,5.24038978019185e-06,0,0,0,0,0,0,0,0,0,0,0,0,0,0,0,0,0,0,0,0,3.32856239390207e-05,0,0,0,0,2.64753732696689e-06,0,0,0
"Bacillota",0.0151614382081341,0.018396400838161,0.00561726480787122,0.0126312044120263,0.0187475332193132,0.0171851081650926,0.0150425114453891,0.00599362146706258,0.0124495700721301,0.0195548041701888,0.0134559318232788,0.0171101955981145,0.0191978816130634,0.0226434965771459,0.011816050770902,0.0176266746705231,0.008555946382736,0.0138264158658761,0.0200493015612161,0.0325997349445366,0.00249382488534053,0.00254821624862596,0.0111632376215239,0.0197937111120391,0.00723560796160499,0.019398740605322,0.0194301972969937,0.00377570083662823,0.00101417513755479,0.000276623472423713,0.000349625900286693,0.000626187597167041,0.00198743428644698,0.000887369058955935,0.00135914975156525,0.00181222382205452,0.00184444597669448,0.000590328542660892,0.00306330837304289,0.000624552530961049,0.00305671516654731,0.00152241626710531,0.000140138070459584,0.000335195530726257,0.0018249736234281,0.00236941303177167,0.00173632003300727,0.0264687824986531,0.000698998102719435,0.00154403301423318,0.00171961441331669,0.000212424394752631,0.000183730838404645,0.000169442388925881,0.00231089653954283,0.00216494652955339,0.00016113067697903
"bacterium SCSIO (no phylum in NCBI)",0,0,0,0,0,0,0,0,0,0,0,0,0,0,0,0,0,0,0,0,0,0,0,0,0,0,0,0,4.6628741956542e-05,0,0,0,0,0,0,0,0,0,0,0,0,0,0,0,0,0,0,0,0,0,0,0,0,0,0,0,0
"Bacteroidota",0.0350383129216059,0.0491803278688525,0.0144343266330242,0.036759473403309,0.0360478884357321,0.0324062039684603,0.0385873119686069,0.0312465632904432,0.0873507477892335,0.0257255564947873,0.0236973910443298,0.0313996214230041,0.0730677994152369,0.0378444795506407,0.031750871910198,0.0305874648694371,0.0253588744177203,0.0450572480065426,0.03957819775404,0.0387982760959626,0.0190618581521917,0.0347206955131408,0.0408376667420303,0.0597569632939408,0.166881867127927,0.030638499559889,0.0455617535846655,0.00478971625909535,0.0118786720134291,0.00454891932430106,0.00732715993886541,0.010267317325963,0.031414283882549,0.0145225521599861,0.0110291660168,0.0211757112357877,0.016755154106047,0.0106203966787123,0.0272528813877609,0.00565143875576949,0.0387766152556287,0.0218387988660624,0.00295898089757285,0.00503325352487364,0.0260343893467165,0.0235595045772752,0.0177242173666386,0.0088709576374184,0.0110258629298006,0.0231604952134977,0.734914068411175,0.00327393017561498,0.00300501993479597,0.00416457621531892,0.0242570541220801,0.0325488512719061,0.00177243744676933
"Balneolota",0,0,0,0,0,0,0,0,0,0,0,0,0,0,0,0,0,2.55571457779595e-05,0,0.000104352544636801,0,0,0,0,0,0,0,0,5.82859274456775e-05,0,0,0,0,0,0,2.48249838637605e-05,0,1.10341783674933e-05,3.52104410694585e-05,0,0,0,0,0,0,0,0,0,0,0,0.000923678599152967,3.24312053057452e-06,8.16581504020643e-06,2.64753732696689e-06,0,0,0
"Bdellovibrionota",0.000327460868426223,0.000369776901269567,7.75281215640946e-05,0.000289094467176659,0.000361794500723589,0.000115530138924992,0.000454971990786817,0.000109974705817662,0.000244508741187497,0.000169061707523246,4.98367845306621e-05,0.0001855769587648,0.000717162244166161,0.000386168158680007,0.000228697756856168,0.000300144615132746,0.000142599106378933,0.000971171539562462,0.000794302930703917,0.000156528816955201,4.75580431054213e-05,4.9965024482862e-05,0.000339136332805788,0.000668142147241826,0.000121811581845202,0.000203128173877717,0.000411815356969039,1.31009744504796e-05,1.16571854891355e-05,0,5.49412129021947e-05,0,0.00205154506988075,0.0011687299800883,0.000133686860809697,0,0.000103426877197821,2.20683567349866e-05,8.21576958287364e-05,3.8082471400064e-05,0.000104801662853051,0.000139992300423477,0,0,0.00028515212866064,0.00131933225632741,0.000945520810053465,2.50592023655887e-05,1.66428119695104e-05,5.61466550630246e-05,1.96527361521908e-05,8.1078013264363e-06,0,3.97130599045033e-06,4.41572587173788e-05,5.59899964539669e-05,3.28838116283735e-06
"Calditrichota",0,3.08147417724639e-05,2.81920442051253e-05,0,0,0,0,0,0,0,0,0,0,0,0,0,0,0,2.73897562311695e-05,1.04352544636801e-05,0,4.9965024482862e-06,0,0,0,0,0,0,0,0,9.98931143676266e-06,0,0,0,0,0,0,0,9.38945095185559e-05,0,0,0,0,0,0,0,0,0,0,0,0,0,0,0,0,0,0
"Campylobacterota",0.00288165564215076,0.00194132873166523,0.000704801105128133,0.00260185020458993,0.00289435600578871,0.00245501545215608,0.00284357494241761,0.00147091169031123,0.0047679204531562,0.00107072414764722,0.00139542996685854,0.0014846156701184,0.0253765101781872,0.00263296471827278,0.00263002420384593,0.00229201342465006,0.00209145356022436,0.00419137190758536,0.00717611613256642,0.106470901292928,0.00125731576459958,0.000339762166483462,0.00135654533122315,0.00329895185200651,0.0039223329354155,0.00595842643374636,0.00213395230429411,0.000298702217470935,0.00212160775902266,0.000270476284147631,0.000289690031666117,0.000561409569873899,0.00294909603795358,0.00157994978789715,0.00131458746462868,0.00168809890273571,0.00168930566089775,0.000617913988579625,0.00362667543015422,0.000418907185400704,0.00524008314265253,0.00185489798061107,0.000296357558840759,0.000218143123171056,0.00191051926202629,0.00406569736133549,0.00165036359572968,0.00169776096026863,0.00247977898345704,0.00109485977372898,0.00134621242642507,0.000442685952423422,0.000167399208324232,0.000255487352052305,0.000927302433064955,0.00375132976241578,0.000134823627676331
"Candidatus Aminicenantes",0,0,5.63840884102506e-05,0,0,0,5.68714988483522e-05,0,0,5.63539025077487e-05,0,7.42307835059199e-05,5.51663264743201e-05,0,0,0,0,0,0.000410846343467543,0,6.83646869640431e-05,0,5.6522722134298e-05,0,0,0,0,1.04807795603837e-05,1.16571854891355e-05,0,0,0,0,0,0,0,0,0,0,0,3.49338876176835e-05,0,0,0,0,0,0,0,0,0,0,0,0,0,0,0,6.57676232567469e-06
"Candidatus Bipolaricaulota",0,0,0,0,0,0,0,0,0,0,0,0,0,0,0,0,0,0,0,0,5.05304207995102e-05,0,0,0,0,0,0,0,0,0,0,0,0,0,0,0,0,0,0,0,0,0,0,0,0,0,0,0,0,0,0,0,0,0,0,0,0
"Candidatus Cloacimonadota",0,9.24442253173918e-05,0,0.000155666251556663,3.28904091566899e-05,2.8882534731248e-05,5.68714988483522e-05,0,0,2.81769512538743e-05,0,0,0.00022066530589728,0.000140424784974548,3.81162928093614e-05,5.45717482059538e-05,0,0,2.73897562311695e-05,1.04352544636801e-05,0,0,0,8.35177684052282e-05,7.30869491071211e-05,0,0,0,0,6.14718827608252e-06,0,4.31853515287614e-05,0,0,0,2.48249838637605e-05,0,2.20683567349866e-05,2.3473627379639e-05,0,1.74669438088418e-05,0,0,5.32056397978186e-06,5.70304257321281e-05,0,0,0,8.32140598475518e-06,8.42199825945369e-05,0,0,0,0,0,3.73266643026446e-05,0
"Candidatus Delongbacteria",0,9.24442253173918e-05,0,2.22380359366661e-05,0,0,0,0,0,0,0,3.711539175296e-05,8.27494897114801e-05,0,0,8.18576223089307e-05,0,2.55571457779595e-05,0,2.08705089273602e-05,0,0,0,4.17588842026141e-05,0,0,7.48755194489162e-05,0,2.3314370978271e-05,0,0,0,0,0,0,0,0,0,1.17368136898195e-05,0,0,1.74990375529346e-05,0,0,0,0,0,0,0,0,0,0,0,0,0,0,0
"Candidatus Eisenbacteria",0,0,0,0,0,0,0,0,0,0,0,0,0,0,0,0,0,0,0,0,4.75580431054213e-05,0.000799440391725792,0,0,0,0,0,0,0,0,0,0,0,0,0,0,0,0,0,0,0,0,0,0,0,0,0,0,0,0,0,0,0,0,0,0,0
"Candidatus Falkowbacteria",0,0,0,0,6.57808183133798e-05,0,0,8.24810293632465e-05,0,0,0,0,0,0.000561699139898192,0,0,0,0,0,0,2.97237769408883e-06,9.9930048965724e-06,0,8.35177684052282e-05,0,0,0,0,0,0,0,0,0,0,4.45622869365656e-05,9.9299935455042e-05,0,1.10341783674933e-05,4.6947254759278e-05,2.28494828400384e-05,3.49338876176835e-05,0.000559969201693907,0,0,0.000228121702928512,5.3850296176629e-05,1.71912874555175e-05,0,1.66428119695104e-05,0.000168439965189074,0,3.24312053057452e-06,0,0,0,7.46533286052892e-05,1.31535246513494e-05
"Candidatus Giovannonibacteria",0,0,0,0,0,0,0,0,0,0,0,0,0,0,0,0,0,0,0,0,4.45856654113325e-05,0,0,0,0,0,0,0,0,0,0,0,0,0,0,0,0,0,0,0,0,0,0,0,0,0,0,0,0,0,0,0,0,0,0,0,0
"Candidatus Gottesmanbacteria",0,0,0,0,0,0,0,0,0,0,0,0,0,0,0,0,0,0,0,0,0,0,0,0,0,0,0,0,0,0,0,0,0,0,0,0,0,0,0,0,0,0,1.60814179215916e-05,0,0,0,0,0,0,0,0,0,0,0,0,0,0
"Candidatus Hydrogenedentota",0,0,0,0,0,0,0,0,0,0,0,0,0,0,0,0,0,0,0,0,3.86409100231548e-05,0,5.6522722134298e-05,0,0.000243623163690404,0,0,0,0,0,0,0,0,0,0,0,0,0,0,0,0,0,0,0,0,0,0,0,0,0,0,0,0,0,0,0,0
"Candidatus Kaiserbacteria",0,0,1.40960221025627e-05,0,0,0,0,0,0,0,0,0,0,0,1.90581464046807e-05,0,0,0,0,0,0.00164669724252521,9.49335465174378e-05,0,0,0,0,0,2.62019489009593e-06,0,0,0,4.31853515287614e-05,0,0,0,0,0,0,0,0,0,0,0.000107975234616401,0,2.8515212866064e-05,0,0,0,0,0,0,0,0,0,8.83145174347576e-05,0,0
"Candidatus Latescibacterota",0,0,0,0,0,0,0,0,0,0,0,0,0,0,0,0,0,0,0,0,1.7834266164533e-05,3.99720195862896e-05,0,0,0.000389797061904646,0,0,0,0,0,0,0,0,0,0,0,0,0,0,0,0,0,0,0,0,0,0,0,0,0,0,0,0,0,0,0,0
"Candidatus Melainabacteria",0,0,0,0,0,0,0,0,0,0,0,0,0,0,0,0,0,0,0,0,4.75580431054213e-05,0,0,0,0,0,0,0,0,0,0,0,0,0,0,0,0,0,0,0,0,0,0,0,0,0,0,0,0,0,0,0,0,0,0,0,0
"Candidatus Moduliflexota",0,0,0,0,0,0,0,8.24810293632465e-05,0,0,0,0,0,0,0,0,0,0,0,0,0,0,0,0,0,0,0,0,0,0,0,0,0,0,0,0,0,0,0,0,0,0,0,0,0,0,0,0,0,0,0,0,0,0,0,0,0
"Candidatus Neomarinimicrobiota",0.000327460868426223,0.000277332675952176,4.2288066307688e-05,0.000155666251556663,0.000197342454940139,0,0.000341228993090113,8.24810293632465e-05,2.03757284322915e-05,5.63539025077487e-05,0.000149510353591986,7.42307835059199e-05,0.00033099795884592,0.000210637177461822,0.000343046635284252,0.000163715244617861,9.50660709192889e-05,0.000153342874667757,0.000301287318542865,0.000166964071418882,8.61989531285761e-05,0.00099930048965724,5.6522722134298e-05,0.000542865494633983,0.000194898530952323,0,0.000149751038897832,1.31009744504796e-05,0,0,0,1.07963378821904e-05,0,0,0,0,3.4475625732607e-05,0,2.3473627379639e-05,0,0.000139735550470734,0,0,0,0.000114060851464256,0,0,1.25296011827944e-05,0,5.61466550630246e-05,1.96527361521908e-05,9.72936159172356e-06,0,1.98565299522517e-05,0,0,0
"Candidatus Nomurabacteria",0,0,0,0,0,0,0,0,0,0,0,0,0,0,0,0,0,0,0,0,5.3502798493599e-05,5.49615269311482e-05,0,0,0,0,0,0,0,0,0,0,0,0,0,0,0,0,0,0,0,0,2.52707995910725e-05,0,0,0,0,0,0,0,0,0,0,0,0,0,0
"Candidatus Omnitrophota",0.000654921736852446,0.00114014544558117,0.0134757971300499,0.00260185020458993,0.0022694382318116,0.00109753631978742,0.0011943014758154,0.0126608380072583,0.000448266025510412,0.000929839391377853,0.00446039221549426,0.000890769402071039,0.000965410713300601,0.000842548709847288,0.000686093270568504,0.000709432726677399,0.000665462496435022,0.00155898589245553,0.00139687756778965,0.00151311189723361,0.000540972740324168,0.213005895872889,0.00113045444268596,0.00154507871549672,0.000779594123809292,0.00159117069537545,0.00119800831118266,1.04807795603837e-05,0.00033805837918493,0.00119870171383609,7.491983577572e-05,8.63707030575229e-05,0.000384664700602641,0.000303004068911783,0.000378779438960807,0.000148949903182563,0.000224091567261946,7.72392485724532e-05,0.00046947254759278,0.000479839139640806,0.000506541370456411,0.00022748748818815,1.83787633389618e-05,7.98084596967278e-05,0.00028515212866064,0.000323101777059774,0.000446973473843456,0.000169149615967724,0.000116499683786573,5.61466550630246e-05,0.000117916416913145,0.000381066662342506,8.36996041621159e-05,0.000426253509641669,0.000426853500934662,0.000354603310875124,2.63070493026988e-05
"Candidatus Paceibacterota",0,0,0,0,0,0,0,2.74936764544155e-05,0,0,0,0,0,0,7.62325856187227e-05,0,0,0,0,0,0.000451801409501503,0.000124912561207155,0,0,0,0,0,0,0,0,0,0,0,0,4.45622869365656e-05,0,0,0,0,0,0,0,3.21628358431832e-05,0,0,2.69251480883145e-05,0,0,0.000174749525679859,0,0,0,0,0,0.000206067207347768,0,0
"Candidatus Parcubacteria",0,0,0,0,0,0,0,0,0,0,0,0,0,0,0,0,0,0,0,0,8.9171330822665e-05,4.49685220345758e-05,0,0,0,0,0,0,0,0,0,0,0,0,0,0,0,0,0,0,0,0,0,0,0,0,0,0,0,0,0,0,0,0,0,0,0
"Candidatus Peregrinibacteria",0,0,0,0,0,0,0,0,0,0,0,0,0,0,0,0,0,0,0,0,0,0,0,0,0.000146173898214242,0,0,0,0,0,0,0,0,0,0,0,0,0,0,0,0,0,0,0,0,0,0,0,0,0,0,0,0,0,0,0,0
"Candidatus Poribacteria",0.00124435130001965,0.00123258967089856,0.00031716049730766,0.000756093221846647,0.000888041047230628,0.00106865378505618,0.000767765234452754,0.126580886396129,0.000590896124536452,0.000901662440123979,0.000598041414367945,0.00103923096908288,0.000882661223589121,0.00172020361593821,0.000457395513712336,0.000654860978471445,0.00102196026238236,0.000306685749335514,0.00104081073678444,0.000657421031211846,0.000202121683198041,0.000244828619966024,0.00121523852588741,0.00221322086273855,0.000828318756547372,0.000812512695510867,0.00179701246677399,0,2.3314370978271e-05,0,0,1.07963378821904e-05,6.41107834337736e-05,0,2.22811434682828e-05,0,0.000241329380128249,0,0.000105631323208375,2.28494828400384e-05,0.000174669438088418,0.000139992300423477,0,3.19233838786911e-05,5.70304257321281e-05,8.07754442649435e-05,0.000206295449466211,1.25296011827944e-05,4.99284359085311e-05,5.61466550630246e-05,7.36977605707155e-05,0,6.12436128015482e-06,5.29507465393378e-06,0.000500448932130293,9.33166607566115e-05,3.28838116283735e-06
"Candidatus Riflebacteria",0,0,0,0,0,0,0,0,0,0,0,0,0,0,0,0,0,0,0,0,0,0,0,0,0.000194898530952323,0,0,0,0,0,4.99465571838133e-06,0,0,0,0,0,0,5.51708918374666e-06,0,0,0,0,2.06761087563321e-05,0,0,0,0,0,0,0,0,0,0,1.32376866348344e-06,0,0,0
"Candidatus Saccharibacteria",0,0,0,0,0,0,0,2.74936764544155e-05,0,0,0,0,0,0,0,0,0,0,0,0,2.67513992467995e-05,0.000114919556310583,0,0,0,0,0,0,0,0,0,2.15926757643807e-05,0,0,0.000178249147746262,4.9649967727521e-05,0,1.10341783674933e-05,0.000164315391657473,9.13979313601535e-05,0,0,4.59469083474046e-05,0,0.000114060851464256,0,0,0,1.66428119695104e-05,0,1.47395521141431e-05,1.62156026528726e-06,2.04145376005161e-06,0,0,0,0
"Candidatus Schekmanbacteria",0,0,0,0,0,0,0,0,0,0,0,0,0,0,0,0,0,0,0,0,0,0,0,0,0.000389797061904646,0,0,0,0,0,0,0,0,0,0,0,0,0,0,0,0,0,0,0,0,0,0,0,0,0,0,0,0,0,0,0,0
"Candidatus Sumerlaeota",3.27460868426223e-05,0,4.93360773589693e-05,0.00011119017968333,3.28904091566899e-05,0,0.000113742997696704,0,4.07514568645829e-05,2.81769512538743e-05,0,0.00011134617525888,0.00016549897942296,7.0212392487274e-05,9.52907320234034e-05,8.18576223089307e-05,2.37665177298222e-05,0.000178900020445717,0.000109559024924678,1.04352544636801e-05,0.000142674129316264,1.49895073448586e-05,0,0.000250553305215685,0.00236314468779692,3.38546956462861e-05,7.48755194489162e-05,0.000859423923951464,0,0,0,0,0,0,0,0,3.4475625732607e-05,0,3.52104410694585e-05,0,3.49338876176835e-05,0,2.29734541737023e-06,0,5.70304257321281e-05,2.69251480883145e-05,3.43825749110351e-05,0,2.49642179542656e-05,0,0,3.24312053057452e-06,0,0,2.94381724782526e-05,0,0
"Candidatus Sungiibacteriota",0,0,0,0,0,0,0,0,0,0,0,0,0,0,0,0,0,0,0,0,3.86409100231548e-05,0,0,0,0,0,0,0,0,0,0,0,0,0,0,0,0,0,0,0,0,0,0,0,0,0,0,0,0,0,0,0,0,0,0,0,0
"Candidatus Tectomicrobia",0,3.08147417724639e-05,2.81920442051253e-05,0,0,0,2.84357494241761e-05,0.000632354558451556,0,0,0,0,0,0,0,0,2.37665177298222e-05,0,0,0,2.37790215527107e-05,6.99510342760068e-05,0,0,0,0,0,5.24038978019185e-06,2.3314370978271e-05,0.000282770660699796,0.000129861048677915,8.63707030575229e-05,0,6.49294433382391e-05,0,0,0,7.17221593887065e-05,2.3473627379639e-05,0.000121863908480205,0,0,3.21628358431832e-05,0.000117052407555201,0,0,0,3.75888035483831e-05,3.32856239390207e-05,0,1.96527361521908e-05,0.000119995459631257,8.57410579221675e-05,0.000132376866348344,0,0,0.000124958484187819
"Candidatus Terrybacteria",0,0,0,0,0,0,0,0,0,0,0,0,0,0,0,0,0,0,0,0,1.7834266164533e-05,0,0,0,0,0,0,0,0,0,0,0,0,0,0,0,0,0,0,0,0,0,0,0,0,0,0,0,0,0,0,0,0,0,0,0,0
"Candidatus Uhrbacteria",0,0,0,0,0,0,0,0,0,0,0,0,0,0,0,0,0,0,0,0,5.05304207995102e-05,0,0,0,0,0,0,0,0,0,0,0,0,0,0,0,0,0,0,0,0,0,0,0,0,0,0,0,0,0,0,0,0,0,0,0,0
"Candidatus Vogelbacteria",0,0,0,0,0,0,0,0,0,0,0,0,0,0,0,0,0,0,0,0,3.86409100231548e-05,0,0,0,0,0,0,0,0,0,0,0,0,0,0,0,0,0,0,0,0,0,0,0,0,0,0,0,0,0,0,0,0,0,5.88763449565051e-05,0,0
"Candidatus Wolfebacteria",0,0,0,0,0,0,0,0,0,0,0,0,0,0,0,0,0,0,0,0,8.61989531285761e-05,0,0,0,0.000170536214583283,0,0,0,0,0,0,0,0,0,0,0,0,0,0,0,0,0,0,0,0,0,0,0,0,0,0,0,0,0,0,0,0
"Candidatus Yanofskybacteria",0,0,0,0,0,0,0,0,0,0,0,0,0,0,0,0,0,0,0,0,5.94475538817766e-05,0,0,0,0,0,0,0,0,0,0,0,0,0,0,0,0,0,0,0,0,0,0,0,0,0,0,0,0,0,0,0,0,0,0,0,0
"Candidatus Zambryskibacteria",0,0,0,0,0,0,0,0,0,0,0,0,0,0,0,0,0,0,0,0,0,0,0,0,0,0,0,0,0,4.30303179325776e-05,0,0,0,0,0,0,0,0,0,0,0,0,2.06761087563321e-05,0,0,0,0,0,0,0,0,0,0,0,0,0,0
"Chlamydiota",0.00710590084484904,0.0163318131394059,0.00619520171407629,0.00771659847002313,0.00723589001447178,0.00730728128700575,0.0065402223675605,0.00593863411415374,0.00552182240515098,0.0142857142857143,0.00904537639231517,0.0189659651857625,0.0179014729409169,0.0151658767772512,0.00766137485468163,0.0097956288029687,0.00594162943245556,0.00184011449601309,0.00345110928512736,0.00147137087937889,0.00015159126239853,0.000374737683621465,0.000876102193081619,0.00388357623084311,0.000950130338392574,0.00155731599972916,0.00247089214181423,9.95674058236452e-05,5.82859274456775e-05,1.2294376552165e-05,1.99786228735253e-05,9.71670409397132e-05,0.000256443133735094,8.65725911176522e-05,0.000200530291214545,0.000297899806365126,0.000120664690064125,3.86196242862266e-05,0.000352104410694585,8.37814370801407e-05,0.000314404988559152,0.000122493262870542,4.36495629300343e-05,7.4487895716946e-05,0.000228121702928512,0.000188476036618201,0.00013753029964414,5.01184047311774e-05,4.16070299237759e-05,0.000224586620252098,3.93054723043816e-05,2.91880847751707e-05,3.67461676809289e-05,2.51516046061854e-05,0.000176629034869515,0.000354603310875124,2.30186681398614e-05
"Chlorobiota",0.000589429563167201,0.000770368544311599,0.000232584364692284,0.0921766589574809,0.00328904091566899,0.00193512982699362,0.00136491597236045,0.000343670955680194,0.000753901951994784,0.000507185122569738,0.00119608282873589,0.000965000185576959,0.00154465714128096,0.00193084079340004,0.0015818261515885,0.00122786433463396,0.000784295085084133,0.00196790022490288,0.0177211722815667,0.000615680013357126,0.0354812725343384,0.000124912561207155,0.00110219308161881,0.00547041383054245,0.00119375350208298,0.00375787121673776,0.000935943993111452,0.0173797527060063,0.00023314370978271,0.000338095355184539,0.000244738130200685,0.000280704784936949,0.000512886267470189,0.000346290364470609,0.000289654865087676,0.000347549774092647,0.000206853754395642,0.000137927229593666,0.000657261566629891,0.000510305116760857,0.000978148853295139,0.000734959577223253,0.000170003560885397,0.000159616919393456,0.000769910747383729,0.000296176628971459,0.000498547336210009,0.000106501610053752,0.000266284991512166,0.000280733275315123,6.38713924946201e-05,6.81055311420649e-05,9.79897804824772e-05,4.63319032219205e-05,0.000191348121108642,0.000503909968085702,6.57676232567469e-05
"Chloroflexota",0.00383129216058681,0.00243436460002465,0.00200868314961518,0.00469222558263654,0.00647941060386791,0.00245501545215608,0.0027298319447209,0.0197129660178159,0.00268959615306247,0.00262045646661031,0.0018439610276345,0.00348884682477824,0.00510288519887461,0.00509039845532737,0.00491700177240762,0.00229201342465006,0.00209145356022436,0.00311797178491106,0.00241029854834292,0.00121048951778689,0.0135570146627392,0.00248825821924653,0.00211960208003617,0.00597152044097382,0.0063342022559505,0.00331776017333604,0.0039309647710681,0.000193894421867098,0.000524573347011098,0.000129090953797733,0.000174812950143347,0.000388668163758853,0.00115399410180792,0.000389576660029435,0.000245092578151111,0.00111712427386922,0.000603323450320623,0.00110893492593308,0.00495293537710382,0.000182795862720307,0.000943214965677455,0.000332481713505757,0.000567444318090447,0.000159616919393456,0.000513273831589153,0.000700053850296177,0.000275060599288281,0.000162884815376327,0.000407748893253004,0.00120715308385503,8.84373126848585e-05,7.45917722032139e-05,0.000167399208324232,0.000116491642386543,0.000441572587173788,0.000429256639480413,0.000115093340699307
"Cyanobacteriota",0.00550134258956055,0.00394428694687539,0.00133912209974345,0.00773883650595979,0.00427575319036969,0.00352366923721226,0.00454971990786817,0.00219949411635324,0.00260809323933331,0.00659340659340659,0.00338890134808502,0.00497346249489663,0.00537871683124621,0.00407231876426189,0.0026681404966553,0.00382002237441676,0.00389770890769084,0.00569924350848497,0.00462886880306765,0.00201400411149026,0.00400379275393766,0.0112171479964025,0.0042109427990052,0.00663966258821564,0.00389797061904646,0.00385943530367662,0.00505409756280184,0.00034062533571247,0.00329898349342535,0.000270476284147631,0.00114877081522771,0.00117680082915875,0.00628285677650981,0.00380919400917669,0.00450079098059312,0.0038975224666104,0.00427497759084327,0.000673084880417092,0.0119832867773057,0.0006550185080811,0.00950201743200992,0.00106744129072901,0.000569741663507817,0.000462889066241022,0.0046764949100345,0.00872374798061389,0.00366174422802524,0.00120910651413965,0.00123156808574377,0.00932034474046209,0.0020291450077137,0.000262692762976536,0.00045728564225156,0.000304466792601192,0.00435684952678138,0.00356469644090256,0.000348568403260759
"Deferribacterota",0,0,2.1144033153844e-05,0,0.00013156163662676,5.7765069462496e-05,0,5.4987352908831e-05,4.07514568645829e-05,0,4.98367845306621e-05,0.00022269235051776,0.00011033265294864,7.0212392487274e-05,1.90581464046807e-05,5.45717482059538e-05,4.75330354596445e-05,7.66714373338786e-05,0.000109559024924678,4.17410178547204e-05,5.94475538817766e-06,4.9965024482862e-06,0,0,0,0,7.48755194489162e-05,0,0,0,4.99465571838133e-06,0,0,0,0,0,0,0,2.3473627379639e-05,0,3.49338876176835e-05,0,0,0,0,0,0,1.25296011827944e-05,0,0,0,0,2.04145376005161e-06,0,0,0,0
"Deinococcota",0,0,0,0.00073385518590998,0,0,0.000113742997696704,0,0,0,0,0,0,0,0,0,0,0,0,0,0,9.9930048965724e-06,0,0,0,0,0,0,0,0,0,0,0,0,0,0,0,0,0,0,0,0,0,0,0,0,0,0,0,0,0,0,0,0,0,0,0
"Deltaproteobacteria (no phylum in NCBI)",0.000556683476324579,0.00117096018735363,0.00042288066307688,0.00122309197651663,0.000460465728193659,0.00057765069462496,0.000710893735604402,0.000508633014406686,0.000427890297078121,0.000366300366300366,0.000398694276245297,0.000593846268047359,0.000744745407403321,0.000456380551167281,0.000457395513712336,0.000573003356162515,0.000404030801406978,0.000843385810672664,0.000493015612161052,0.000480021705329284,0.00022887308244484,0.000649545318277206,0.000480443138141533,0.00150331983129411,0.000487246327380807,0.000473965739048006,0.000449253116693497,0.000309182997031319,6.9943112934813e-05,6.14718827608252e-06,2.9967934310288e-05,0,0.000128221566867547,8.65725911176522e-05,8.91245738731312e-05,0,0,1.655126755124e-05,0.000187789019037112,7.6164942800128e-06,0.000122268606661892,0.000104994225317608,3.44601812605534e-05,1.06411279595637e-05,5.70304257321281e-05,0.00024232633279483,0.000103147724733105,3.13240029569859e-05,4.16070299237759e-05,0.000308806602846635,2.45659201902385e-05,8.1078013264363e-06,6.12436128015482e-06,1.32376866348344e-05,8.83145174347576e-05,3.73266643026446e-05,0
"Elusimicrobiota",0,0,0,0,0,0,0,0,0,0,0,0,0,0,0,0,0,0,0,0,5.94475538817766e-06,0,0,0,0,0,0,0,0,0,0,0,0,0,0,0,0,0,0,0,0,3.49980751058692e-05,0,0,0,0,0,0,0,0,0,0,0,0,0,0,0
"Fibrobacterota",0,0,0,0.00011119017968333,0,0,8.53072482725282e-05,0,0,0,4.98367845306621e-05,0,0,0,0,0,9.50660709192889e-05,0.000102228583111838,0,0.000302622379446723,5.94475538817766e-06,9.9930048965724e-06,0,0,0,0.000101564086938858,0,0,0,0,0,0,0,0,4.45622869365656e-05,2.48249838637605e-05,0,0,0,0,0,0,0,0,0,0,0,0,0,0,0,3.24312053057452e-06,4.08290752010322e-06,0,0,0,0
"Fusobacteriota",0,0,0,4.44760718733321e-05,0,0,5.68714988483522e-05,0,0,0.000112707805015497,0,0,0,0,0,0,9.50660709192889e-05,0,0,0.000480021705329284,5.94475538817766e-06,0,0,0,0,3.38546956462861e-05,0,5.24038978019185e-06,0,0,0,0,0.000384664700602641,0,0,0,0,0,0,0,0,0,0,0,0,0,0,1.25296011827944e-05,0,0,0.000216180097674099,0,0,0,0,0,0
"Gemmatimonadota",0.00108062086580654,0.00166399605571305,0.00037354458571791,0.000933997509339975,0.00174319168530457,0.000693180833549952,0.00133648022293628,0.0265588914549654,0.00103916215004686,0.00104254719639335,0.0010465724751439,0.0014846156701184,0.000910244386826281,0.00147446024223275,0.00110537249147148,0.00152800894976671,0.00159235668789809,0.00161010018401145,0.00128731854286497,0.00203487462041762,0.000451801409501503,0.00208853802338363,0.000621749943477278,0.00229673863114378,0.0013886520330353,0.00115105965197373,0.00153494814870278,0.00055286112181024,8.16002984239485e-05,4.30303179325776e-05,3.99572457470507e-05,6.47780272931422e-05,0.000641107834337736,8.65725911176522e-05,0,0.000297899806365126,0.000172378128663035,2.20683567349866e-05,9.38945095185559e-05,4.56989656800768e-05,0.000331871932367994,0.000122493262870542,2.06761087563321e-05,1.59616919393456e-05,0.000114060851464256,0.000161550888529887,0.000206295449466211,3.13240029569859e-05,0.000141463901740838,0.000168439965189074,4.9131840380477e-05,2.59449642445962e-05,1.42901763203613e-05,1.32376866348344e-05,0.000191348121108642,0.000130643325059256,2.63070493026988e-05
"Ignavibacteriota",0.000884144344750802,0.000831998027856527,0.00026782441994869,0.00062266500622665,0.00121694513879753,0.0013863616670999,0.00133648022293628,0.000481139337952271,0.000346387383348955,0.000450831220061989,0.000124591961326655,0.000816538618565119,0.0016549897942296,0.00119361067228366,0.000743267709782547,0.000518431607956561,0.0006416959787052,0.000920057248006543,0.00120514927417146,0.000375669160692483,0.000145646507010353,0.000574597781552913,0.00113045444268596,0.000542865494633983,0.00065778254196409,0.000846367391157154,0.00101081951256037,1.04807795603837e-05,4.6628741956542e-05,0,3.99572457470507e-05,5.39816894109518e-05,0.000192332350301321,0.000281360921132369,6.68434304048484e-05,4.9649967727521e-05,3.4475625732607e-05,6.06879810212132e-05,0.000211262646416751,3.04659771200512e-05,0.000384272763794519,0.000244986525741084,4.59469083474046e-06,2.12822559191274e-05,0.000114060851464256,0.000134625740441572,0.000189104162010693,2.50592023655887e-05,0.000108178277801817,0.000308806602846635,9.33504967229062e-05,1.45940423875853e-05,6.12436128015482e-06,2.51516046061854e-05,2.94381724782526e-05,0,0
"Kiritimatiellota",0,0,7.04801105128133e-05,0,0,0,0,0,0,0,0,0,0,0,0,0,0,2.55571457779595e-05,0,0.000646985776748166,1.48618884704442e-05,0,0,0,0,0,0,5.24038978019185e-06,0,0,0,0,0,0,0,0,0,1.10341783674933e-05,2.3473627379639e-05,0,0,0,0,0,0,5.3850296176629e-05,0,0,0,0,0,0,4.08290752010322e-06,0,0,0,0
"Lentisphaerota",0.000130984347370489,0,0,0.000177904287493329,6.57808183133798e-05,0,2.84357494241761e-05,0.000137468382272077,0.000224133012755206,0,0,0,5.51663264743201e-05,7.0212392487274e-05,0.000190581464046807,0.000136429370514884,0,0.000332242895113474,0,0.0118857548341316,2.97237769408883e-06,4.9965024482862e-06,0,0.000208794421013071,4.87246327380807e-05,3.38546956462861e-05,0.000149751038897832,5.24038978019185e-06,2.3314370978271e-05,2.45887531043301e-05,1.4983967155144e-05,2.15926757643807e-05,0.000128221566867547,0,4.45622869365656e-05,0,1.72378128663035e-05,3.31025351024799e-05,0.000105631323208375,1.52329885600256e-05,5.24008314265253e-05,6.99961502117384e-05,0,0,0.000114060851464256,0.000107700592353258,3.43825749110351e-05,0,0,0.000196513292720586,1.47395521141431e-05,4.86468079586178e-06,1.83730838404645e-05,1.72089926252848e-05,1.47190862391263e-05,7.46533286052892e-05,0
"Mycoplasmatota",0.000130984347370489,0.000739553802539135,0.00037354458571791,0.000222380359366661,0.000197342454940139,0.000519885625162464,0.000312793243665937,0.000316177279225778,0.000387138840213538,0.00340941110171879,0.000299020707183973,0.000445384701035519,0.000386164285320241,0.000421274354923644,0.00110537249147148,0.0003547163633387,0.000190132141838578,0,0,0.00412192551315364,0.000888740930532561,8.49405416208654e-05,0,0,9.74492654761615e-05,0,0,0.0115236171266419,0.000256458080760981,6.14718827608252e-06,0.000534428161866803,2.15926757643807e-05,6.41107834337736e-05,0,8.91245738731312e-05,0.000148949903182563,0,2.20683567349866e-05,1.17368136898195e-05,9.90144256401663e-05,0.000174669438088418,0.000244986525741084,4.59469083474046e-06,1.59616919393456e-05,0,0.000430802369413032,0,0.00204858979338688,0.00124821089771328,0,0,8.1078013264363e-06,0,2.64753732696689e-06,0.000397415328456409,3.73266643026446e-05,4.27489551168855e-05
"Myxococcota",0.000785906084222935,0.000831998027856527,0.000345352541512785,0.000778331257783313,0.000920931456387317,0.000491003090431216,0.00125117297466375,0.000481139337952271,0.000631647581401035,0.000676246830092984,0.000647878198898607,0.000668077051553279,0.000965410713300601,0.000772336317360014,0.00083855844180595,0.000982291467707168,0.000380264283677156,0.00115007156000818,0.000520405368392221,0.000417410178547204,0.000570696517265056,0.00110922354351954,0.000763056748813023,0.00137804317868627,0.000365434745535606,0.000575529825986864,0.000524128636142413,2.09615591207674e-05,2.3314370978271e-05,0,9.98931143676266e-06,5.39816894109518e-05,0,0.000108215738897065,0.000267373721619394,0.000248249838637605,0.000155140315796732,0,0.000551630243421516,1.52329885600256e-05,0.000524008314265253,0.000104994225317608,0,2.12822559191274e-05,0.000114060851464256,0.000188476036618201,0.000275060599288281,1.87944017741915e-05,0.000257963585527411,0.000252659947783611,3.93054723043816e-05,3.24312053057452e-06,1.63316300804129e-05,2.64753732696689e-06,2.94381724782526e-05,3.73266643026446e-05,3.28838116283735e-06
"Nitrospinota",0,0,1.40960221025627e-05,0.000378046610923323,0,5.7765069462496e-05,2.84357494241761e-05,0.000219949411635324,0,5.63539025077487e-05,0,0,2.758316323716e-05,0,5.7174439214042e-05,5.45717482059538e-05,0,7.66714373338786e-05,0,2.08705089273602e-05,3.26961546349772e-05,0.000179874088138303,0,4.17588842026141e-05,0,0,3.74377597244581e-05,0,1.16571854891355e-05,0,4.99465571838133e-06,0,0,0,0,0,5.17134385989106e-05,0,0,0,0,0,0,0,0,0,0,1.25296011827944e-05,0,0,0,0,8.16581504020643e-06,0,2.94381724782526e-05,0,0
"Nitrospirota",0.000130984347370489,6.16294835449279e-05,5.63840884102506e-05,2.22380359366661e-05,3.28904091566899e-05,0,0.000113742997696704,0.0187369405036842,4.07514568645829e-05,5.63539025077487e-05,0,0,0,0.000105318588730911,0.000171523317642126,0.000163715244617861,0.0004277973191368,2.55571457779595e-05,0.000109559024924678,0.000198269834809922,0.00048449756413648,0.000524632757070051,2.8261361067149e-05,0.000292312189418299,4.87246327380807e-05,0,0.000336939837520123,1.57211693405756e-05,0,0,0,0,0,0,0,0,0,0,0,0,0,0,0,0,0,0,5.15738623665526e-05,0,4.16070299237759e-05,0.000112293310126049,0,0,0,0,0,0,0
"Planctomycetota",0.080981072761805,0.0946628867250092,0.0308843844267148,0.0662026329834549,0.087291145901855,0.0724085145712388,0.0800466346290556,0.03116408226108,0.0525490036268797,0.0626655395886165,0.0589070793152426,0.100953865568051,0.0788602636950406,0.0985079866596454,0.0607954870309314,0.0822396245463723,0.0631476376081377,0.0812717235739113,0.0870994248151191,0.028509115194774,0.0121094667257179,0.0145897871489957,0.0690142437259778,0.127489873470581,0.0568616464053402,0.0881576274629291,0.0971884242446932,0.00918116289489612,0.0362538468712114,0.0107698738596966,0.0258823059326521,0.0306292105717741,0.0957815104500577,0.0574192710587828,0.0999532095987166,0.114641775482846,0.0661759635937392,0.0228683346666299,0.119034764442149,0.01786829558091,0.090513702817418,0.0757358345291009,0.00628783440734232,0.01048683160415,0.0773332572927657,0.0921109316101239,0.0630748336742939,0.0304093420706419,0.0265369636853843,0.0633053535835603,0.0292137922902316,0.00849373266957467,0.00649386441072416,0.00757063298646182,0.0755825078379134,0.0623541927175678,0.00530415881565664
"Pseudomonadota",0.522889514702993,0.477782571182053,0.693876687998647,0.456391211528198,0.493257466122879,0.447939231146925,0.493075895015213,0.355039590894094,0.506092342801255,0.441053817976895,0.499987540803867,0.455331626025313,0.492414630109781,0.524205722309988,0.538297345200206,0.490436301126907,0.516351364198118,0.503245757513801,0.439194741166804,0.391029855263021,0.744732203631651,0.425861896672329,0.517013339362424,0.481479934856141,0.472921285355812,0.530096824429548,0.506832391149714,0.276642796691218,0.787687680686375,0.893991738178957,0.864005514099913,0.809682155812748,0.379856391845108,0.589364557181196,0.673247031037633,0.530609205104017,0.614545266496587,0.844980828115086,0.49415506678247,0.83908632534617,0.38470943738974,0.531620760858153,0.841274107768474,0.884495876562916,0.510907068921269,0.451507808292946,0.494507383657962,0.701782962248312,0.702917484938255,0.652171471884562,0.173636837088644,0.905073862070084,0.907373118545178,0.91013728804809,0.542810462326499,0.561486347772531,0.920457348052127
"Rhodothermota",0,0.000123258967089856,0.000126864198923064,0.000200142323429995,0,5.7765069462496e-05,0,0.000371164632134609,0.000122254370593749,0,0,0,0,7.0212392487274e-05,5.7174439214042e-05,0,0.000118832588649111,5.1114291555919e-05,0.000136948781155848,0.000135658308027841,2.97237769408883e-05,8.99370440691516e-05,0.000141306805335745,0.000334071073620913,0.00107194192023778,6.77093912925723e-05,0.000299502077795665,5.24038978019185e-06,0,0,0,1.07963378821904e-05,0,0,4.45622869365656e-05,0,0,0,0,2.28494828400384e-05,0,0,0,0,0,0,0,0,0,0,0,0,2.04145376005161e-06,0,2.94381724782526e-05,0,0
"Spirochaetota",0.135568799528456,0.122118821644275,0.0556722392940712,0.10705390499911,0.132975924220497,0.165294746266932,0.129866067620212,0.071662267678434,0.127409429887118,0.172978303747535,0.161022650818569,0.12827079389823,0.0747503723727037,0.091486747410918,0.137885689237865,0.144969849109116,0.168124346420762,0.142327744837457,0.171049027663654,0.0484926274927214,0.00601312007514171,0.00945338263215749,0.150915668098576,0.0852298826575354,0.0626842400175409,0.131288509716298,0.113885665081802,0.0401990300038517,0.0495430383288259,0.0159765423295385,0.0184402689122639,0.0401731732596303,0.235350685985383,0.132694139035581,0.0542991466322052,0.130033265478377,0.148520995656071,0.0232655650878596,0.129304476420741,0.0407558608923485,0.213009379748825,0.18974206418647,0.0116130810848065,0.0210055865921788,0.152613419259175,0.232337102854066,0.187986728326084,0.0288932603275238,0.0784625370302566,0.104573145054883,0.0167981762260851,0.0135043538893123,0.01344909737122,0.0101202114323309,0.120814259850748,0.161157873126668,0.00985527834502353
"Thermodesulfobacteriota",0.0193529373239898,0.0254837914458277,0.00940909475346057,0.0275529265255293,0.0332193132482568,0.0495624295988216,0.0310234026217761,0.037913779830639,0.0160356982762134,0.043730628346013,0.032892277790237,0.0345544297220057,0.0276383295636344,0.0249605055292259,0.022145566122239,0.0321700455674098,0.0252875748645308,0.0347577182580249,0.0340728567515749,0.0257020317440441,0.00450017982885049,0.00440191865694014,0.0404985304092245,0.03386645508832,0.00991546276219943,0.0274561581691381,0.031223091610198,0.0113559246536757,0.0184183530728341,0.00426614866360127,0.00545416404447241,0.0108827085852479,0.0635978971663034,0.0298242576400312,0.0120986609032776,0.0270095824437714,0.0226160104805902,0.0066811950015172,0.0276636698669045,0.0111048486602587,0.0533964472236293,0.0265985370804606,0.00390089251869465,0.00553870710295291,0.0372408680030796,0.0324178782983306,0.0459695026560539,0.00841362719424641,0.0110591485537396,0.0200724291850313,0.00678510715654387,0.0031182603901474,0.00360112443273104,0.00262106195369722,0.0240804250872106,0.0219667419421063,0.00237421119956856
"Thermomicrobiota",0,0,0,0,0,0,0,0,0,0,0,0,0,0,0,0,0,0,0,0,2.08066438586218e-05,0,0,0,0,0,0,0,0,0,0,0,0,0,0,0,0,0,0,0,0,0,0,0,0,0,0,0,0,0,0,0,0,0,0,0,0
"Unclassified Bacteria",0.15721396293143,0.172316035991618,0.160173099151419,0.159513431773706,0.160406525457177,0.186725587037518,0.169789859811755,0.189926316947102,0.144871429153592,0.196167934629473,0.18028456803967,0.191144267527744,0.144315110056821,0.155731086536774,0.163709477616207,0.17094600125515,0.166745888392433,0.14667245961971,0.15877841687209,0.290569660541172,0.116225912594262,0.213075846907165,0.145348179968347,0.143817597193803,0.175822837235364,0.143679328322838,0.150312605293699,0.621305852729326,0.0867411172246573,0.0665679018416976,0.0735862626989122,0.0917796683365003,0.175214771124503,0.166219374945892,0.138388182081504,0.161014845340351,0.119561470040681,0.0860500399988966,0.170395061148799,0.0782594787271315,0.192922394368657,0.144122073285969,0.130367460399508,0.0683373237563182,0.178932960734552,0.145934302638665,0.178806580824838,0.186828883236647,0.161160669706754,0.119423935319053,0.0313657668988965,0.0633349008415898,0.0635402482816063,0.0628750402094732,0.193011377853663,0.146320524066367,0.0585233195550163
"Verrucomicrobiota",0.000720413910537691,0.000893627511401454,0.00037354458571791,0.00106742572495997,0.000624917773977108,0.000606533229356208,0.00156396621832968,0.000467392499725063,0.00138554953339582,0.000873485488870104,0.000448531060775959,0.00122480792784768,0.002068737242787,0.00070212392487274,0.000438337367307656,0.00125515020873694,0.000380264283677156,0.00181455735023513,0.00057518488085456,0.0016278996963341,0.000639061204229099,0.0001448985710003,0.00161089758082749,0.00158683759969934,0.000852681072916413,0.000744803304218295,0.00097338175283591,4.19231182415348e-05,0.000244800895271846,8.60606358651553e-05,4.4951901465432e-05,0.000107963378821904,0.000512886267470189,6.49294433382391e-05,0.000267373721619394,0.000148949903182563,0.000310280631593463,4.41367134699732e-05,0.000352104410694585,3.8082471400064e-05,0.000506541370456411,0.000367479788611626,3.67575266779237e-05,7.4487895716946e-05,0.000171091277196384,0.000430802369413032,0.000171912874555175,9.39720088709576e-05,5.82498418932863e-05,0.000393026585441172,6.87845765326678e-05,3.08096450404579e-05,0.000130653040643303,7.28072764915894e-05,0.000574044363325925,0.000709206621750247,1.64419058141867e-05
