"ID","Description","GeneRatio","BgRatio","pvalue","p.adjust","qvalue","geneID","Count","RichFactor","Direction"
"Glyoxylate and dicarboxylate metabolism","Glyoxylate and dicarboxylate metabolism","26/739","46/2946",4.61410996514411e-06,0.00100587597240142,0.000908251119454682,"K00015/K00830/K11473/K00284/K14067/K01895/K14446/K14448/K08692/K00626/K22133/K14447/K01848/K00124/K01455/K08691/K00023/K07246/K00283/K00282/K00127/K01966/K00122/K00104/K00042/K01681",26,0.565217391304348,"Intertidal enriched"
"ABC transporters","ABC transporters","54/739","128/2946",1.10702523350213e-05,0.00120665750451732,0.00108954588770999,"K12541/K11959/K02011/K05813/K11071/K11072/K11069/K17321/K01998/K18893/K05814/K09972/K12368/K01997/K05815/K17323/K05772/K10229/K10553/K02042/K11709/K19341/K10234/K01995/K09969/K09970/K10235/K05816/K12369/K11710/K10440/K10227/K01996/K01999/K10119/K10441/K10228/K16299/K17315/K02044/K17325/K10439/K12370/K02001/K17322/K02000/K11070/K09971/K02041/K17324/K12372/K10112/K02010/K10107",54,0.421875,"Intertidal enriched"
"Two-component system","Two-component system","53/739","128/2946",2.53929170568476e-05,0.00184521863946426,0.00166613175074754,"K03412/K14980/K07714/K14981/K10126/K00371/K02556/K19691/K08738/K03776/K13587/K13584/K07665/K08928/K15012/K07675/K01644/K01113/K13589/K07715/K13924/K07679/K07659/K07670/K04751/K00626/K07637/K07793/K11690/K07669/K10943/K07795/K02484/K07646/K07647/K07716/K02406/K00370/K11443/K02491/K03408/K02486/K19641/K02481/K02488/K07814/K03406/K13599/K03413/K20971/K02482/K07787/K02483",53,0.4140625,"Intertidal enriched"
"Valine, leucine and isoleucine biosynthesis","Valine, leucine and isoleucine biosynthesis","10/739","12/2946",3.73080343833316e-05,0.00203328787389157,0.00183594800781132,"K01754/K01652/K01649/K01703/K00053/K01653/K01687/K01704/K00826/K00052",10,0.833333333333333,"Intertidal enriched"
"Valine, leucine and isoleucine degradation","Valine, leucine and isoleucine degradation","16/739","26/2946",8.31102202886526e-05,0.00362360560458525,0.00327191814610064,"K01692/K00128/K00253/K01907/K18661/K01968/K00822/K01782/K01969/K00626/K00140/K01848/K00248/K01640/K01966/K00826",16,0.615384615384615,"Intertidal enriched"
"Sulfur metabolism","Sulfur metabolism","19/739","34/2946",0.000113502576595855,0.0041239269496494,0.00372368102165349,"K00392/K17225/K20035/K17994/K00381/K00641/K00955/K00958/K03119/K17224/K20034/K00394/K01738/K17996/K00957/K17229/K17995/K00640/K17993",19,0.558823529411765,"Intertidal enriched"
"Butanoate metabolism","Butanoate metabolism","21/739","43/2946",0.000600875421523068,0.0169242619827156,0.015281685131665,"K01692/K01907/K00170/K03821/K16871/K00174/K00019/K05973/K07516/K01782/K00626/K00074/K01652/K00023/K07246/K00248/K01640/K01653/K14534/K00171/K00241",21,0.488372093023256,"Intertidal enriched"
"Bacterial chemotaxis","Bacterial chemotaxis","11/739","17/2946",0.000621073834228095,0.0169242619827156,0.015281685131665,"K03412/K02556/K03776/K12368/K13924/K03408/K10439/K02410/K03406/K03411/K03413",11,0.647058823529412,"Intertidal enriched"
"C5-Branched dibasic acid metabolism","C5-Branched dibasic acid metabolism","8/739","11/2946",0.00119113134966993,0.0269928722875298,0.0243730908631969,"K18290/K08691/K01652/K01703/K01653/K01704/K18289/K00052",8,0.727272727272727,"Intertidal enriched"
"Histidine metabolism","Histidine metabolism","11/739","18/2946",0.00123820515080412,0.0269928722875298,0.0243730908631969,"K00128/K01745/K05603/K01479/K01693/K01496/K01814/K01468/K00013/K01712/K02500",11,0.611111111111111,"Intertidal enriched"
"Benzoate degradation","Benzoate degradation","9/739","14/2946",0.00215685675716691,0.0427449793693079,0.0385963840756184,"K01692/K16514/K07516/K01782/K00626/K00074/K00252/K04108/K15512",9,0.642857142857143,"Intertidal enriched"
"Lysine degradation","Lysine degradation","9/739","15/2946",0.00420325592847826,0.06790437647883,0.0613139468930044,"K01692/K00128/K01782/K14157/K00626/K18013/K00252/K15736/K00290",9,0.6,"Intertidal enriched"
"Aminobenzoate degradation","Aminobenzoate degradation","6/739","8/2946",0.00425413921272879,0.06790437647883,0.0613139468930044,"K01692/K01426/K16239/K09461/K04108/K08295",6,0.75,"Intertidal enriched"
"Nitrogen metabolism","Nitrogen metabolism","12/739","23/2946",0.00463254477280149,0.06790437647883,0.0613139468930044,"K00261/K00284/K00371/K02567/K15864/K01455/K00370/K02575/K00459/K00376/K04561/K02591",12,0.521739130434783,"Intertidal enriched"
"Carotenoid biosynthesis","Carotenoid biosynthesis","5/739","6/2946",0.0046723194824883,0.06790437647883,0.0613139468930044,"K06443/K02291/K10027/K09845/K09835",5,0.833333333333333,"Intertidal enriched"
"Flagellar assembly","Flagellar assembly","10/739","18/2946",0.00542860297940676,0.0739647155944171,0.0667861024440174,"K02556/K02421/K02419/K02390/K02392/K02401/K02406/K02400/K02409/K02410",10,0.555555555555556,"Intertidal enriched"
"beta-Alanine metabolism","beta-Alanine metabolism","9/739","16/2946",0.00749622608205063,0.096128075640414,0.0867984072658494,"K01692/K00128/K17722/K01578/K00822/K01782/K00140/K01464/K17723",9,0.5625,"Intertidal enriched"
"Transporters","Transporters","115/739","382/2946",0.00988320168644337,0.118715832672164,0.107193919409438,"K12541/K14638/K22044/K11959/K02011/K05813/K11071/K08484/K11072/K11069/K02055/K21449/K17321/K15270/K01998/K02050/K18893/K02556/K05814/K08356/K08714/K09972/K02051/K06902/K03304/K12368/K00799/K14393/K01997/K05815/K02021/K14640/K05571/K17323/K05772/K08226/K02028/K10229/K10553/K02042/K11709/K19341/K10234/K01995/K18299/K21989/K09969/K09970/K10235/K05816/K05566/K19231/K12369/K11710/K10440/K10227/K02025/K08166/K01996/K01999/K10119/K12984/K16345/K02029/K10441/K02049/K10228/K02057/K05565/K18303/K16299/K07793/K17315/K02052/K02053/K02056/K11690/K07795/K05832/K02026/K21395/K02044/K02100/K17325/K10439/K06188/K21394/K12370/K15987/K09013/K02575/K21393/K02001/K05020/K17322/K02000/K11070/K18968/K12543/K09971/K02041/K05833/K17324/K02027/K01571/K12372/K02032/K03299/K10112/K18902/K05568/K16264/K02010/K07787/K10107",115,0.301047120418848,"Intertidal enriched"
"Porphyrin and chlorophyll metabolism","Porphyrin and chlorophyll metabolism","21/739","52/2946",0.0103467927558308,0.118715832672164,0.107193919409438,"K11335/K03405/K13541/K04037/K04034/K00643/K02234/K04040/K02230/K11334/K11333/K02302/K04038/K01698/K02228/K03795/K09883/K09882/K03403/K02303/K02226",21,0.403846153846154,"Intertidal enriched"
"Methane metabolism","Methane metabolism","19/739","46/2946",0.010993426239986,0.119828346015848,0.108198458256704,"K08094/K08093/K00830/K00170/K22081/K14067/K01895/K08692/K22086/K11532/K00124/K00441/K00317/K08691/K00198/K14083/K00127/K00122/K00171",19,0.41304347826087,"Intertidal enriched"
"Pattern recognition receptors","Pattern recognition receptors","3/739","3/2946",0.0157366556175325,0.156015447187844,0.140873436137744,"K20865/K12800/K08727",3,1,"Intertidal enriched"
"Phosphonate and phosphinate metabolism","Phosphonate and phosphinate metabolism","4/739","5/2946",0.0157446781565714,0.156015447187844,0.140873436137744,"K06163/K06162/K06164/K03430",4,0.8,"Intertidal enriched"
"Tryptophan metabolism","Tryptophan metabolism","8/739","15/2946",0.0174066697726924,0.164984956975954,0.148972414072928,"K01692/K00128/K01426/K00453/K01782/K00626/K01593/K00252",8,0.533333333333333,"Intertidal enriched"
"Pantothenate and CoA biosynthesis","Pantothenate and CoA biosynthesis","9/739","18/2946",0.0194539984513965,0.176707152600184,0.159556917123295,"K17722/K01464/K01652/K00053/K01653/K17723/K01687/K00826/K00997",9,0.5,"Intertidal enriched"
"Nitrotoluene degradation","Nitrotoluene degradation","5/739","8/2946",0.0275140039469203,0.239922114417145,0.216636578445225,"K00170/K06282/K06281/K00198/K00171",5,0.625,"Intertidal enriched"
"Antimicrobial resistance genes","Antimicrobial resistance genes","9/739","19/2946",0.0289297625643371,0.242564932270211,0.219022898766438,"K18698/K00984/K07665/K18299/K18900/K07637/K18303/K19300/K18902",9,0.473684210526316,"Intertidal enriched"
"Glycine, serine and threonine metabolism","Glycine, serine and threonine metabolism","17/739","44/2946",0.0316979129721065,0.255931297330342,0.231091997106586,"K00315/K00302/K00303/K00830/K01754/K01758/K00499/K00836/K15785/K00643/K00304/K02204/K00283/K00282/K01733/K00003/K00314",17,0.386363636363636,"Intertidal enriched"
"Geraniol degradation","Geraniol degradation","4/739","6/2946",0.0378893955047376,0.284983608447491,0.257324648863741,"K01692/K13777/K01782/K01640",4,0.666666666666667,"Intertidal enriched"
"Bacterial motility proteins","Bacterial motility proteins","21/739","58/2946",0.0379106635090699,0.284983608447491,0.257324648863741,"K03412/K02556/K02282/K03776/K02421/K02419/K13924/K02390/K02392/K02401/K02670/K02406/K02400/K03408/K02409/K02279/K02410/K03406/K02395/K03411/K03413",21,0.362068965517241,"Intertidal enriched"
"Selenocompound metabolism","Selenocompound metabolism","8/739","17/2946",0.0405400581281635,0.294591089064655,0.26599967964795,"K01758/K00955/K00958/K01760/K12527/K00548/K00957/K01761",8,0.470588235294118,"Intertidal enriched"
"Carbon fixation pathways in prokaryotes","Carbon fixation pathways in prokaryotes","18/739","49/2946",0.0456159407907433,0.320783067496195,0.28964960705837,"K00170/K14470/K01895/K00174/K15233/K00626/K01848/K09709/K08691/K01679/K01958/K00198/K14534/K01006/K00171/K00297/K01681/K00241",18,0.36734693877551,"Intertidal enriched"
"Limonene and pinene degradation","Limonene and pinene degradation","3/739","4/2946",0.0511401203962218,0.348392070199261,0.314579030068864,"K01692/K00128/K01782",3,0.75,"Intertidal enriched"
"Polyketide biosynthesis proteins","Polyketide biosynthesis proteins","6/739","12/2946",0.0548535272294736,0.362365725334098,0.327196478210895,"K13611/K15660/K15667/K15654/K15646/K04780",6,0.5,"Intertidal enriched"
"Cysteine and methionine metabolism","Cysteine and methionine metabolism","14/739","37/2946",0.0579439919276833,0.371523242359852,0.335465216423429,"K01251/K01758/K12960/K00641/K17950/K00772/K01760/K01740/K01738/K00003/K00548/K00826/K01761/K00640",14,0.378378378378378,"Intertidal enriched"
"Propanoate metabolism","Propanoate metabolism","13/739","34/2946",0.0613578694120344,0.37419951278594,0.337881742592809,"K01692/K00170/K01578/K01895/K01908/K00822/K01782/K17489/K00626/K00140/K01848/K01966/K00171",13,0.382352941176471,"Intertidal enriched"
"Protein kinases","Protein kinases","19/739","54/2946",0.0617944149554763,0.37419951278594,0.337881742592809,"K14980/K17535/K11912/K19691/K13436/K13587/K07675/K07679/K07637/K02484/K07646/K07647/K07716/K02491/K02486/K08884/K12132/K20971/K02482",19,0.351851851851852,"Intertidal enriched"
"Pertussis","Pertussis","4/739","7/2946",0.071106471526987,0.418951643050896,0.378290474410998,"K12800/K08727/K03989/K07679",4,0.571428571428571,"Intertidal enriched"
"Cell cycle - Caulobacter","Cell cycle - Caulobacter","9/739","22/2946",0.0752103026508648,0.431469630997067,0.38959353450725,"K13581/K13582/K13587/K13584/K13589/K13590/K07716/K11443/K02488",9,0.409090909090909,"Intertidal enriched"
"Chloroalkane and chloroalkene degradation","Chloroalkane and chloroalkene degradation","5/739","10/2946",0.0787733632318908,0.437335361107855,0.394889968745383,"K00128/K00114/K01563/K01560/K02591",5,0.5,"Intertidal enriched"
"Phenylalanine metabolism","Phenylalanine metabolism","7/739","16/2946",0.0802450203867623,0.437335361107855,0.394889968745383,"K01692/K01426/K00285/K00074/K01593/K00457/K01451",7,0.4375,"Intertidal enriched"
"Fatty acid degradation","Fatty acid degradation","8/739","20/2946",0.102725036869796,0.528436715506173,0.477149521002677,"K01692/K00128/K07516/K01782/K00626/K00252/K00248/K05939",8,0.4,"Intertidal enriched"
"Epithelial cell signaling in Helicobacter pylori infection","Epithelial cell signaling in Helicobacter pylori infection","3/739","5/2946",0.104233283755697,0.528436715506173,0.477149521002677,"K06704/K08727/K01428",3,0.6,"Intertidal enriched"
"Synthesis and degradation of ketone bodies","Synthesis and degradation of ketone bodies","3/739","5/2946",0.104233283755697,0.528436715506173,0.477149521002677,"K00019/K00626/K01640",3,0.6,"Intertidal enriched"
"Arginine and proline metabolism","Arginine and proline metabolism","11/739","30/2946",0.10665695175354,0.528436715506173,0.477149521002677,"K01473/K00128/K12256/K01426/K01777/K21062/K05526/K01474/K09472/K06447/K01750",11,0.366666666666667,"Intertidal enriched"
"NOD-like receptor signaling pathway","NOD-like receptor signaling pathway","4/739","8/2946",0.114698939107053,0.555652638340837,0.501724014339626,"K20865/K12800/K08727/K02406",4,0.5,"Intertidal enriched"
"Exosome","Exosome","19/739","59/2946",0.131812029760496,0.624674401908439,0.564046900805785,"K00261/K01251/K01758/K17286/K01724/K03989/K00626/K01464/K01273/K01593/K00759/K17253/K01698/K00457/K17263/K16506/K01755/K01940/K07937",19,0.322033898305085,"Intertidal enriched"
"Caprolactam degradation","Caprolactam degradation","2/739","3/2946",0.157110328404076,0.685001031841773,0.61851855603289,"K01692/K01782",2,0.666666666666667,"Intertidal enriched"
"Glycosylphosphatidylinositol (GPI)-anchored proteins","Glycosylphosphatidylinositol (GPI)-anchored proteins","2/739","3/2946",0.157110328404076,0.685001031841773,0.61851855603289,"K01273/K01194",2,0.666666666666667,"Intertidal enriched"
"Lipoarabinomannan (LAM) biosynthesis","Lipoarabinomannan (LAM) biosynthesis","2/739","3/2946",0.157110328404076,0.685001031841773,0.61851855603289,"K13668/K08256",2,0.666666666666667,"Intertidal enriched"
"Proximal tubule bicarbonate reclamation","Proximal tubule bicarbonate reclamation","2/739","3/2946",0.157110328404076,0.685001031841773,0.61851855603289,"K00261/K01596",2,0.666666666666667,"Intertidal enriched"
"Herpes simplex infection","Herpes simplex infection","3/739","6/2946",0.170577172006657,0.729133794067672,0.658368032306397,"K12886/K08738/K15129",3,0.5,"Intertidal enriched"
"Terpenoid backbone biosynthesis","Terpenoid backbone biosynthesis","7/739","19/2946",0.176503505146035,0.739957002342994,0.668140798832157,"K00054/K00795/K00626/K12506/K03527/K01662/K01770",7,0.368421052631579,"Intertidal enriched"
"Pyruvate metabolism","Pyruvate metabolism","16/739","53/2946",0.236467663055092,0.972640576339813,0.878241370234404,"K00128/K00170/K01895/K00174/K00158/K00626/K00101/K01067/K01679/K01649/K01958/K00029/K01571/K01006/K00171/K01596",16,0.30188679245283,"Intertidal enriched"
"Nicotinate and nicotinamide metabolism","Nicotinate and nicotinamide metabolism","9/739","28/2946",0.252426202032751,0.999999970118267,0.902945410005388,"K01239/K15358/K13995/K03742/K06211/K19191/K03517/K01081/K00767",9,0.321428571428571,"Intertidal enriched"
"Membrane trafficking","Membrane trafficking","7/739","21/2946",0.258785175612795,0.999999970118267,0.902945410005388,"K12800/K20367/K06902/K11407/K20053/K15685/K07937",7,0.333333333333333,"Intertidal enriched"
"Alcoholism","Alcoholism","2/739","4/2946",0.26308053641193,0.999999970118267,0.902945410005388,"K01593/K11407",2,0.5,"Intertidal enriched"
"CD molecules","CD molecules","2/739","4/2946",0.26308053641193,0.999999970118267,0.902945410005388,"K06704/K06592",2,0.5,"Intertidal enriched"
"Oxidative phosphorylation","Oxidative phosphorylation","17/739","58/2946",0.270224025614381,0.999999970118267,0.902945410005388,"K02126/K00337/K22468/K00341/K00340/K00335/K00334/K00332/K00338/K00336/K00343/K00330/K00342/K00331/K00339/K00333/K00241",17,0.293103448275862,"Intertidal enriched"
"Inositol phosphate metabolism","Inositol phosphate metabolism","4/739","11/2946",0.288803475829728,0.999999970118267,0.902945410005388,"K03336/K03335/K00140/K00010",4,0.363636363636364,"Intertidal enriched"
"Taurine and hypotaurine metabolism","Taurine and hypotaurine metabolism","4/739","11/2946",0.288803475829728,0.999999970118267,0.902945410005388,"K03852/K03119/K00681/K03851",4,0.363636363636364,"Intertidal enriched"
"Lipid biosynthesis proteins","Lipid biosynthesis proteins","9/739","29/2946",0.290436533057583,0.999999970118267,0.902945410005388,"K01907/K13611/K01895/K02372/K01908/K09458/K00666/K00648/K00208",9,0.310344827586207,"Intertidal enriched"
"Ascorbate and aldarate metabolism","Ascorbate and aldarate metabolism","5/739","15/2946",0.316044597224212,0.999999970118267,0.902945410005388,"K00128/K10046/K13877/K18983/K00012",5,0.333333333333333,"Intertidal enriched"
"Ubiquitin system","Ubiquitin system","5/739","15/2946",0.316044597224212,0.999999970118267,0.902945410005388,"K10498/K11997/K17263/K15685/K12035",5,0.333333333333333,"Intertidal enriched"
"Others","Others","4/739","12/2946",0.353723996379749,0.999999970118267,0.902945410005388,"K05781/K03670/K09181/K06195",4,0.333333333333333,"Intertidal enriched"
"Spliceosome","Spliceosome","4/739","12/2946",0.353723996379749,0.999999970118267,0.902945410005388,"K12886/K13150/K02516/K13210",4,0.333333333333333,"Intertidal enriched"
"Cell adhesion molecules","Cell adhesion molecules","2/739","5/2946",0.368978704849419,0.999999970118267,0.902945410005388,"K06592/K16506",2,0.4,"Intertidal enriched"
"Cell motility","Cell motility","2/739","5/2946",0.368978704849419,0.999999970118267,0.902945410005388,"K07335/K15421",2,0.4,"Intertidal enriched"
"Chemical carcinogenesis","Chemical carcinogenesis","2/739","5/2946",0.368978704849419,0.999999970118267,0.902945410005388,"K00799/K01253",2,0.4,"Intertidal enriched"
"Cyanoamino acid metabolism","Cyanoamino acid metabolism","2/739","5/2946",0.368978704849419,0.999999970118267,0.902945410005388,"K01455/K00681",2,0.4,"Intertidal enriched"
"Metabolism of xenobiotics by cytochrome P450","Metabolism of xenobiotics by cytochrome P450","2/739","5/2946",0.368978704849419,0.999999970118267,0.902945410005388,"K00799/K01253",2,0.4,"Intertidal enriched"
"MicroRNAs in cancer","MicroRNAs in cancer","2/739","5/2946",0.368978704849419,0.999999970118267,0.902945410005388,"K12886/K12035",2,0.4,"Intertidal enriched"
"Nonribosomal peptide structures","Nonribosomal peptide structures","2/739","5/2946",0.368978704849419,0.999999970118267,0.902945410005388,"K15667/K15654",2,0.4,"Intertidal enriched"
"Plant-pathogen interaction","Plant-pathogen interaction","2/739","5/2946",0.368978704849419,0.999999970118267,0.902945410005388,"K13436/K02406",2,0.4,"Intertidal enriched"
"Glutathione metabolism","Glutathione metabolism","5/739","16/2946",0.372727105117965,0.999999970118267,0.902945410005388,"K07160/K00799/K06048/K00681/K01469",5,0.3125,"Intertidal enriched"
"Arginine biosynthesis","Arginine biosynthesis","6/739","20/2946",0.386101250418998,0.999999970118267,0.902945410005388,"K00261/K01428/K01941/K00620/K01755/K01940",6,0.3,"Intertidal enriched"
"Legionellosis","Legionellosis","3/739","9/2946",0.401704413366844,0.999999970118267,0.902945410005388,"K08738/K02406/K07937",3,0.333333333333333,"Intertidal enriched"
"Monobactam biosynthesis","Monobactam biosynthesis","3/739","9/2946",0.401704413366844,0.999999970118267,0.902945410005388,"K00955/K00958/K00957",3,0.333333333333333,"Intertidal enriched"
"Pathways in cancer","Pathways in cancer","3/739","9/2946",0.401704413366844,0.999999970118267,0.902945410005388,"K08738/K00799/K01679",3,0.333333333333333,"Intertidal enriched"
"Base excision repair","Base excision repair","4/739","13/2946",0.418600262996197,0.999999970118267,0.902945410005388,"K21929/K03652/K01142/K10747",4,0.307692307692308,"Intertidal enriched"
"Tyrosine metabolism","Tyrosine metabolism","4/739","13/2946",0.418600262996197,0.999999970118267,0.902945410005388,"K00451/K01593/K01826/K00457",4,0.307692307692308,"Intertidal enriched"
"Function unknown","Function unknown","31/739","120/2946",0.459420981328285,0.999999970118267,0.902945410005388,"K07119/K06978/K07093/K08997/K09931/K09781/K07148/K07088/K07064/K07004/K06888/K09989/K09798/K09948/K07086/K06996/K07075/K09807/K09919/K06915/K09005/K09947/K09946/K06952/K07006/K06883/K07133/K08999/K07076/K07003/K07080",31,0.258333333333333,"Intertidal enriched"
"Apoptosis","Apoptosis","2/739","6/2946",0.4681794712708,0.999999970118267,0.902945410005388,"K08738/K08568",2,0.333333333333333,"Intertidal enriched"
"Fluid shear stress and atherosclerosis","Fluid shear stress and atherosclerosis","2/739","6/2946",0.4681794712708,0.999999970118267,0.902945410005388,"K00799/K01940",2,0.333333333333333,"Intertidal enriched"
"Transcription","Transcription","2/739","6/2946",0.4681794712708,0.999999970118267,0.902945410005388,"K02589/K02590",2,0.333333333333333,"Intertidal enriched"
"Photosynthesis proteins","Photosynthesis proteins","4/739","14/2946",0.481804301260717,0.999999970118267,0.902945410005388,"K02703/K08928/K02690/K02636",4,0.285714285714286,"Intertidal enriched"
"Energy metabolism","Energy metabolism","5/739","18/2946",0.484881178005194,0.999999970118267,0.902945410005388,"K02569/K00185/K00184/K13796/K00947",5,0.277777777777778,"Intertidal enriched"
"Lysine biosynthesis","Lysine biosynthesis","5/739","18/2946",0.484881178005194,0.999999970118267,0.902945410005388,"K14267/K10206/K00003/K05825/K00290",5,0.277777777777778,"Intertidal enriched"
"Biofilm formation - Pseudomonas aeruginosa","Biofilm formation - Pseudomonas aeruginosa","8/739","30/2946",0.490272043064305,0.999999970118267,0.902945410005388,"K11912/K01768/K21022/K21021/K11907/K21023/K20971/K21024",8,0.266666666666667,"Intertidal enriched"
"Quorum sensing","Quorum sensing","12/739","46/2946",0.494179118766338,0.999999970118267,0.902945410005388,"K02055/K01998/K01997/K01995/K07715/K01996/K01999/K02052/K02053/K15654/K02032/K20533",12,0.260869565217391,"Intertidal enriched"
"Pentose and glucuronate interconversions","Pentose and glucuronate interconversions","5/739","19/2946",0.538360174758079,0.999999970118267,0.902945410005388,"K00065/K00854/K13877/K00008/K00012",5,0.263157894736842,"Intertidal enriched"
"Alzheimer disease","Alzheimer disease","3/739","11/2946",0.547691692968735,0.999999970118267,0.902945410005388,"K02126/K06704/K08738",3,0.272727272727273,"Intertidal enriched"
"Peroxisome","Peroxisome","3/739","11/2946",0.547691692968735,0.999999970118267,0.902945410005388,"K00830/K01578/K01640",3,0.272727272727273,"Intertidal enriched"
"Prenyltransferases","Prenyltransferases","3/739","11/2946",0.547691692968735,0.999999970118267,0.902945410005388,"K02291/K00795/K04040",3,0.272727272727273,"Intertidal enriched"
"Necroptosis","Necroptosis","2/739","7/2946",0.557379180832556,0.999999970118267,0.902945410005388,"K00261/K12800",2,0.285714285714286,"Intertidal enriched"
"Parkinson disease","Parkinson disease","2/739","7/2946",0.557379180832556,0.999999970118267,0.902945410005388,"K02126/K08738",2,0.285714285714286,"Intertidal enriched"
"Platinum drug resistance","Platinum drug resistance","2/739","7/2946",0.557379180832556,0.999999970118267,0.902945410005388,"K08738/K00799",2,0.285714285714286,"Intertidal enriched"
"Viral carcinogenesis","Viral carcinogenesis","2/739","7/2946",0.557379180832556,0.999999970118267,0.902945410005388,"K12886/K11407",2,0.285714285714286,"Intertidal enriched"
"Amino acid related enzymes","Amino acid related enzymes","13/739","52/2946",0.559560052702451,0.999999970118267,0.902945410005388,"K00830/K00836/K12256/K14267/K00822/K10206/K00643/K10907/K03851/K04566/K00826/K14261/K03430",13,0.25,"Intertidal enriched"
"Amino acid metabolism","Amino acid metabolism","1/739","3/2946",0.579698840825642,0.999999970118267,0.902945410005388,"K08234",1,0.333333333333333,"Intertidal enriched"
"Apelin signaling pathway","Apelin signaling pathway","1/739","3/2946",0.579698840825642,0.999999970118267,0.902945410005388,"K06250",1,0.333333333333333,"Intertidal enriched"
"Autophagy - yeast","Autophagy - yeast","1/739","3/2946",0.579698840825642,0.999999970118267,0.902945410005388,"K06902",1,0.333333333333333,"Intertidal enriched"
"Bile secretion","Bile secretion","1/739","3/2946",0.579698840825642,0.999999970118267,0.902945410005388,"K01253",1,0.333333333333333,"Intertidal enriched"
"Cell cycle - yeast","Cell cycle - yeast","1/739","3/2946",0.579698840825642,0.999999970118267,0.902945410005388,"K02516",1,0.333333333333333,"Intertidal enriched"
"Colorectal cancer","Colorectal cancer","1/739","3/2946",0.579698840825642,0.999999970118267,0.902945410005388,"K08738",1,0.333333333333333,"Intertidal enriched"
"Dopaminergic synapse","Dopaminergic synapse","1/739","3/2946",0.579698840825642,0.999999970118267,0.902945410005388,"K01593",1,0.333333333333333,"Intertidal enriched"
"Hepatocellular carcinoma","Hepatocellular carcinoma","1/739","3/2946",0.579698840825642,0.999999970118267,0.902945410005388,"K00799",1,0.333333333333333,"Intertidal enriched"
"MAPK signaling pathway - yeast","MAPK signaling pathway - yeast","1/739","3/2946",0.579698840825642,0.999999970118267,0.902945410005388,"K02516",1,0.333333333333333,"Intertidal enriched"
"Meiosis - yeast","Meiosis - yeast","1/739","3/2946",0.579698840825642,0.999999970118267,0.902945410005388,"K01768",1,0.333333333333333,"Intertidal enriched"
"p53 signaling pathway","p53 signaling pathway","1/739","3/2946",0.579698840825642,0.999999970118267,0.902945410005388,"K08738",1,0.333333333333333,"Intertidal enriched"
"Phospholipase D signaling pathway","Phospholipase D signaling pathway","1/739","3/2946",0.579698840825642,0.999999970118267,0.902945410005388,"K07937",1,0.333333333333333,"Intertidal enriched"
"Prodigiosin biosynthesis","Prodigiosin biosynthesis","1/739","3/2946",0.579698840825642,0.999999970118267,0.902945410005388,"K00208",1,0.333333333333333,"Intertidal enriched"
"Regulation of actin cytoskeleton","Regulation of actin cytoskeleton","1/739","3/2946",0.579698840825642,0.999999970118267,0.902945410005388,"K05764",1,0.333333333333333,"Intertidal enriched"
"Retrograde endocannabinoid signaling","Retrograde endocannabinoid signaling","1/739","3/2946",0.579698840825642,0.999999970118267,0.902945410005388,"K01054",1,0.333333333333333,"Intertidal enriched"
"Shigellosis","Shigellosis","1/739","3/2946",0.579698840825642,0.999999970118267,0.902945410005388,"K08727",1,0.333333333333333,"Intertidal enriched"
"Citrate cycle (TCA cycle)","Citrate cycle (TCA cycle)","8/739","33/2946",0.611390038311575,0.999999970118267,0.902945410005388,"K00170/K00174/K01679/K01958/K00171/K01596/K01681/K00241",8,0.242424242424242,"Intertidal enriched"
"Biotin metabolism","Biotin metabolism","3/739","12/2946",0.612347591831731,0.999999970118267,0.902945410005388,"K02372/K09458/K00208",3,0.25,"Intertidal enriched"
"Photosynthesis","Photosynthesis","3/739","12/2946",0.612347591831731,0.999999970118267,0.902945410005388,"K02703/K02690/K02636",3,0.25,"Intertidal enriched"
"Protein processing","Protein processing","3/739","12/2946",0.612347591831731,0.999999970118267,0.902945410005388,"K04656/K04655/K07402",3,0.25,"Intertidal enriched"
"Transcription factors","Transcription factors","23/739","95/2946",0.619008886059936,0.999999970118267,0.902945410005388,"K10778/K22293/K13640/K18831/K03765/K18900/K02825/K21699/K17736/K19339/K03721/K00375/K01926/K19449/K06211/K07736/K22042/K21826/K03566/K03719/K06714/K07729/K13641",23,0.242105263157895,"Intertidal enriched"
"Influenza A","Influenza A","2/739","8/2946",0.635349257002734,0.999999970118267,0.902945410005388,"K08738/K12800",2,0.25,"Intertidal enriched"
"Carbon fixation in photosynthetic organisms","Carbon fixation in photosynthetic organisms","4/739","17/2946",0.650581180642704,0.999999970118267,0.902945410005388,"K11532/K00029/K01006/K01808",4,0.235294117647059,"Intertidal enriched"
"Fructose and mannose metabolism","Fructose and mannose metabolism","7/739","30/2946",0.656891829955157,0.999999970118267,0.902945410005388,"K01729/K18336/K21883/K00008/K11532/K07046/K01808",7,0.233333333333333,"Intertidal enriched"
"Cationic antimicrobial peptide (CAMP) resistance","Cationic antimicrobial peptide (CAMP) resistance","3/739","13/2946",0.670471790482391,0.999999970118267,0.902945410005388,"K07637/K01406/K10011",3,0.230769230769231,"Intertidal enriched"
"Amyotrophic lateral sclerosis (ALS)","Amyotrophic lateral sclerosis (ALS)","1/739","4/2946",0.685238275630212,0.999999970118267,0.902945410005388,"K08738",1,0.25,"Intertidal enriched"
"Apoptosis - fly","Apoptosis - fly","1/739","4/2946",0.685238275630212,0.999999970118267,0.902945410005388,"K08738",1,0.25,"Intertidal enriched"
"Biosynthesis of siderophore group nonribosomal peptides","Biosynthesis of siderophore group nonribosomal peptides","1/739","4/2946",0.685238275630212,0.999999970118267,0.902945410005388,"K04780",1,0.25,"Intertidal enriched"
"C-type lectin receptor signaling pathway","C-type lectin receptor signaling pathway","1/739","4/2946",0.685238275630212,0.999999970118267,0.902945410005388,"K12800",1,0.25,"Intertidal enriched"
"Cushing syndrome","Cushing syndrome","1/739","4/2946",0.685238275630212,0.999999970118267,0.902945410005388,"K01679",1,0.25,"Intertidal enriched"
"Drug metabolism - cytochrome P450","Drug metabolism - cytochrome P450","1/739","4/2946",0.685238275630212,0.999999970118267,0.902945410005388,"K00799",1,0.25,"Intertidal enriched"
"Focal adhesion","Focal adhesion","1/739","4/2946",0.685238275630212,0.999999970118267,0.902945410005388,"K06250",1,0.25,"Intertidal enriched"
"Human cytomegalovirus infection","Human cytomegalovirus infection","1/739","4/2946",0.685238275630212,0.999999970118267,0.902945410005388,"K08738",1,0.25,"Intertidal enriched"
"Kaposi sarcoma-associated herpesvirus infection","Kaposi sarcoma-associated herpesvirus infection","1/739","4/2946",0.685238275630212,0.999999970118267,0.902945410005388,"K08738",1,0.25,"Intertidal enriched"
"Protein processing in endoplasmic reticulum","Protein processing in endoplasmic reticulum","1/739","4/2946",0.685238275630212,0.999999970118267,0.902945410005388,"K13993",1,0.25,"Intertidal enriched"
"Renal cell carcinoma","Renal cell carcinoma","1/739","4/2946",0.685238275630212,0.999999970118267,0.902945410005388,"K01679",1,0.25,"Intertidal enriched"
"Retinol metabolism","Retinol metabolism","1/739","4/2946",0.685238275630212,0.999999970118267,0.902945410005388,"K11153",1,0.25,"Intertidal enriched"
"Salmonella infection","Salmonella infection","1/739","4/2946",0.685238275630212,0.999999970118267,0.902945410005388,"K02406",1,0.25,"Intertidal enriched"
"Small cell lung cancer","Small cell lung cancer","1/739","4/2946",0.685238275630212,0.999999970118267,0.902945410005388,"K08738",1,0.25,"Intertidal enriched"
"Toll-like receptor signaling pathway","Toll-like receptor signaling pathway","1/739","4/2946",0.685238275630212,0.999999970118267,0.902945410005388,"K06250",1,0.25,"Intertidal enriched"
"Toxoplasmosis","Toxoplasmosis","1/739","4/2946",0.685238275630212,0.999999970118267,0.902945410005388,"K08738",1,0.25,"Intertidal enriched"
"Fatty acid biosynthesis","Fatty acid biosynthesis","4/739","18/2946",0.697924038539135,0.999999970118267,0.902945410005388,"K02372/K09458/K00648/K00208",4,0.222222222222222,"Intertidal enriched"
"Huntington disease","Huntington disease","2/739","9/2946",0.702104926612988,0.999999970118267,0.902945410005388,"K02126/K08738",2,0.222222222222222,"Intertidal enriched"
"Lysosome","Lysosome","2/739","9/2946",0.702104926612988,0.999999970118267,0.902945410005388,"K01192/K08568",2,0.222222222222222,"Intertidal enriched"
"PI3K-Akt signaling pathway","PI3K-Akt signaling pathway","2/739","9/2946",0.702104926612988,0.999999970118267,0.902945410005388,"K06250/K01596",2,0.222222222222222,"Intertidal enriched"
"Protein phosphatases and associated proteins","Protein phosphatases and associated proteins","2/739","9/2946",0.702104926612988,0.999999970118267,0.902945410005388,"K01251/K11407",2,0.222222222222222,"Intertidal enriched"
"Alanine, aspartate and glutamate metabolism","Alanine, aspartate and glutamate metabolism","7/739","32/2946",0.727089805817459,0.999999970118267,0.902945410005388,"K00830/K00261/K13566/K16871/K01755/K01940/K01953",7,0.21875,"Intertidal enriched"
"Transport","Transport","4/739","19/2946",0.740474402214084,0.999999970118267,0.902945410005388,"K03457/K03458/K03453/K03294",4,0.210526315789474,"Intertidal enriched"
"Pentose phosphate pathway","Pentose phosphate pathway","6/739","28/2946",0.740719838276317,0.999999970118267,0.902945410005388,"K08094/K00117/K08093/K11532/K00852/K01808",6,0.214285714285714,"Intertidal enriched"
"AMPK signaling pathway","AMPK signaling pathway","2/739","10/2946",0.758359704374438,0.999999970118267,0.902945410005388,"K01578/K01596",2,0.2,"Intertidal enriched"
"Nucleotide excision repair","Nucleotide excision repair","2/739","10/2946",0.758359704374438,0.999999970118267,0.902945410005388,"K10747/K10841",2,0.2,"Intertidal enriched"
"Carbohydrate metabolism","Carbohydrate metabolism","1/739","5/2946",0.76430316832541,0.999999970118267,0.902945410005388,"K11930",1,0.2,"Intertidal enriched"
"D-Glutamine and D-glutamate metabolism","D-Glutamine and D-glutamate metabolism","1/739","5/2946",0.76430316832541,0.999999970118267,0.902945410005388,"K00261",1,0.2,"Intertidal enriched"
"FoxO signaling pathway","FoxO signaling pathway","1/739","5/2946",0.76430316832541,0.999999970118267,0.902945410005388,"K01596",1,0.2,"Intertidal enriched"
"Hepatitis B","Hepatitis B","1/739","5/2946",0.76430316832541,0.999999970118267,0.902945410005388,"K08738",1,0.2,"Intertidal enriched"
"Longevity regulating pathway - multiple species","Longevity regulating pathway - multiple species","1/739","5/2946",0.76430316832541,0.999999970118267,0.902945410005388,"K01768",1,0.2,"Intertidal enriched"
"Polyketide sugar unit biosynthesis","Polyketide sugar unit biosynthesis","1/739","5/2946",0.76430316832541,0.999999970118267,0.902945410005388,"K13315",1,0.2,"Intertidal enriched"
"Glycerolipid metabolism","Glycerolipid metabolism","3/739","15/2946",0.766888061019152,0.999999970118267,0.902945410005388,"K00128/K01054/K05878",3,0.2,"Intertidal enriched"
"Peptidoglycan biosynthesis","Peptidoglycan biosynthesis","4/739","20/2946",0.778314715383161,0.999999970118267,0.902945410005388,"K03814/K07259/K06153/K21469",4,0.2,"Intertidal enriched"
"DNA replication proteins","DNA replication proteins","8/739","39/2946",0.799586063045552,0.999999970118267,0.902945410005388,"K02332/K03166/K10901/K03167/K10747/K06223/K03645/K15255",8,0.205128205128205,"Intertidal enriched"
"Adipocytokine signaling pathway","Adipocytokine signaling pathway","1/739","6/2946",0.823527907736333,0.999999970118267,0.902945410005388,"K01596",1,0.166666666666667,"Intertidal enriched"
"Epstein-Barr virus infection","Epstein-Barr virus infection","1/739","6/2946",0.823527907736333,0.999999970118267,0.902945410005388,"K08738",1,0.166666666666667,"Intertidal enriched"
"Human immunodeficiency virus 1 infection","Human immunodeficiency virus 1 infection","1/739","6/2946",0.823527907736333,0.999999970118267,0.902945410005388,"K08738",1,0.166666666666667,"Intertidal enriched"
"Insulin resistance","Insulin resistance","1/739","6/2946",0.823527907736333,0.999999970118267,0.902945410005388,"K01596",1,0.166666666666667,"Intertidal enriched"
"Insulin signaling pathway","Insulin signaling pathway","1/739","6/2946",0.823527907736333,0.999999970118267,0.902945410005388,"K01596",1,0.166666666666667,"Intertidal enriched"
"PPAR signaling pathway","PPAR signaling pathway","1/739","6/2946",0.823527907736333,0.999999970118267,0.902945410005388,"K01596",1,0.166666666666667,"Intertidal enriched"
"Purine metabolism","Purine metabolism","14/739","67/2946",0.826518636122761,0.999999970118267,0.902945410005388,"K01239/K13482/K01768/K00856/K01428/K00955/K00958/K00759/K13481/K00087/K00957/K01081/K01241/K15518",14,0.208955223880597,"Intertidal enriched"
"Enzymes with EC numbers","Enzymes with EC numbers","37/739","166/2946",0.827991902751482,0.999999970118267,0.902945410005388,"K00428/K03520/K07147/K04090/K19966/K07749/K00436/K22443/K03518/K07303/K07302/K11169/K01463/K01286/K07313/K05962/K08299/K17735/K00179/K01269/K22319/K06023/K21430/K01090/K11206/K15509/K01174/K10819/K07116/K07588/K06015/K11942/K00573/K03519/K00046/K02334/K02217",37,0.22289156626506,"Intertidal enriched"
"Biofilm formation - Escherichia coli","Biofilm formation - Escherichia coli","3/739","17/2946",0.838987744200648,0.999999970118267,0.902945410005388,"K07659/K18968/K03566",3,0.176470588235294,"Intertidal enriched"
"Antifolate resistance","Antifolate resistance","1/739","7/2946",0.867886028886962,0.999999970118267,0.902945410005388,"K00297",1,0.142857142857143,"Intertidal enriched"
"Hepatitis C","Hepatitis C","1/739","7/2946",0.867886028886962,0.999999970118267,0.902945410005388,"K08738",1,0.142857142857143,"Intertidal enriched"
"Non-alcoholic fatty liver disease (NAFLD)","Non-alcoholic fatty liver disease (NAFLD)","1/739","7/2946",0.867886028886962,0.999999970118267,0.902945410005388,"K08738",1,0.142857142857143,"Intertidal enriched"
"Other glycan degradation","Other glycan degradation","1/739","7/2946",0.867886028886962,0.999999970118267,0.902945410005388,"K01192",1,0.142857142857143,"Intertidal enriched"
"RNA transport","RNA transport","1/739","7/2946",0.867886028886962,0.999999970118267,0.902945410005388,"K02516",1,0.142857142857143,"Intertidal enriched"
"Messenger RNA biogenesis","Messenger RNA biogenesis","6/739","33/2946",0.871521257288931,0.999999970118267,0.902945410005388,"K20102/K22468/K11407/K15685/K13210/K12035",6,0.181818181818182,"Intertidal enriched"
"One carbon pool by folate","One carbon pool by folate","2/739","13/2946",0.875243621944277,0.999999970118267,0.902945410005388,"K00548/K00297",2,0.153846153846154,"Intertidal enriched"
"Peptidoglycan biosynthesis and degradation proteins","Peptidoglycan biosynthesis and degradation proteins","7/739","38/2946",0.875872008110938,0.999999970118267,0.902945410005388,"K08309/K03814/K16291/K07259/K06153/K21470/K21469",7,0.184210526315789,"Intertidal enriched"
"Peptidases","Peptidases","18/739","89/2946",0.886543687951541,0.999999970118267,0.902945410005388,"K06704/K00284/K01322/K01434/K16291/K07259/K01273/K08568/K00681/K01253/K01406/K01054/K21470/K04772/K19225/K01451/K21469/K01953",18,0.202247191011236,"Intertidal enriched"
"Drug metabolism - other enzymes","Drug metabolism - other enzymes","2/739","14/2946",0.900796465556636,0.999999970118267,0.902945410005388,"K00799/K01464",2,0.142857142857143,"Intertidal enriched"
"Signaling proteins","Signaling proteins","2/739","14/2946",0.900796465556636,0.999999970118267,0.902945410005388,"K07182/K19519",2,0.142857142857143,"Intertidal enriched"
"Thermogenesis","Thermogenesis","2/739","14/2946",0.900796465556636,0.999999970118267,0.902945410005388,"K02126/K01054",2,0.142857142857143,"Intertidal enriched"
"Glucagon signaling pathway","Glucagon signaling pathway","1/739","8/2946",0.901105567727566,0.999999970118267,0.902945410005388,"K01596",1,0.125,"Intertidal enriched"
"Tuberculosis","Tuberculosis","1/739","8/2946",0.901105567727566,0.999999970118267,0.902945410005388,"K08738",1,0.125,"Intertidal enriched"
"Folate biosynthesis","Folate biosynthesis","4/739","25/2946",0.90632348820154,0.999999970118267,0.902945410005388,"K01724/K01113/K01495/K07141",4,0.16,"Intertidal enriched"
"Cytoskeleton proteins","Cytoskeleton proteins","2/739","15/2946",0.921397758562403,0.999999970118267,0.902945410005388,"K06990/K05764",2,0.133333333333333,"Intertidal enriched"
"Glycolysis / Gluconeogenesis","Glycolysis / Gluconeogenesis","8/739","46/2946",0.921798767060308,0.999999970118267,0.902945410005388,"K00128/K00170/K00114/K01895/K00174/K11532/K00171/K01596",8,0.173913043478261,"Intertidal enriched"
"Human papillomavirus infection","Human papillomavirus infection","1/739","9/2946",0.925980647866888,0.999999970118267,0.902945410005388,"K06250",1,0.111111111111111,"Intertidal enriched"
"Streptomycin biosynthesis","Streptomycin biosynthesis","1/739","9/2946",0.925980647866888,0.999999970118267,0.902945410005388,"K00010",1,0.111111111111111,"Intertidal enriched"
"Vitamin B6 metabolism","Vitamin B6 metabolism","1/739","9/2946",0.925980647866888,0.999999970118267,0.902945410005388,"K01733",1,0.111111111111111,"Intertidal enriched"
"Starch and sucrose metabolism","Starch and sucrose metabolism","5/739","32/2946",0.932693836100913,0.999999970118267,0.902945410005388,"K01176/K16147/K01194/K01178/K05343",5,0.15625,"Intertidal enriched"
"Pyrimidine metabolism","Pyrimidine metabolism","8/739","48/2946",0.941887231565907,0.999999970118267,0.902945410005388,"K06016/K17722/K16329/K02825/K01464/K17723/K01081/K01493",8,0.166666666666667,"Intertidal enriched"
"Replication and repair","Replication and repair","5/739","33/2946",0.943617510888767,0.999999970118267,0.902945410005388,"K07493/K07494/K07499/K03630/K07474",5,0.151515151515152,"Intertidal enriched"
"Galactose metabolism","Galactose metabolism","3/739","25/2946",0.969053142109994,0.999999970118267,0.902945410005388,"K01631/K01784/K21620",3,0.12,"Intertidal enriched"
"Glycosyltransferases","Glycosyltransferases","5/739","37/2946",0.973051006268653,0.999999970118267,0.902945410005388,"K12583/K13668/K08256/K03814/K12984",5,0.135135135135135,"Intertidal enriched"
"Mismatch repair","Mismatch repair","2/739","21/2946",0.981642626158764,0.999999970118267,0.902945410005388,"K10747/K06223",2,0.0952380952380952,"Intertidal enriched"
"Structural proteins","Structural proteins","2/739","21/2946",0.981642626158764,0.999999970118267,0.902945410005388,"K06143/K11744",2,0.0952380952380952,"Intertidal enriched"
"Thiamine metabolism","Thiamine metabolism","1/739","14/2946",0.982643336956241,0.999999970118267,0.902945410005388,"K01662",1,0.0714285714285714,"Intertidal enriched"
"Biofilm formation - Vibrio cholerae","Biofilm formation - Vibrio cholerae","4/739","35/2946",0.987154999306832,0.999999970118267,0.902945410005388,"K13246/K20962/K10943/K00640",4,0.114285714285714,"Intertidal enriched"
"General function prediction only","General function prediction only","5/739","41/2946",0.987644383733292,0.999999970118267,0.902945410005388,"K04750/K09014/K08972/K03975/K03744",5,0.121951219512195,"Intertidal enriched"
"Amino sugar and nucleotide sugar metabolism","Amino sugar and nucleotide sugar metabolism","9/739","63/2946",0.988089115421966,0.999999970118267,0.902945410005388,"K01654/K10046/K15899/K01784/K00012/K13015/K01183/K08679/K10011",9,0.142857142857143,"Intertidal enriched"
"Ubiquinone and other terpenoid-quinone biosynthesis","Ubiquinone and other terpenoid-quinone biosynthesis","2/739","23/2946",0.988883202852995,0.999999970118267,0.902945410005388,"K00457/K06134",2,0.0869565217391304,"Intertidal enriched"
"beta-Lactam resistance","beta-Lactam resistance","1/739","16/2946",0.99029119833193,0.999999970118267,0.902945410005388,"K18698",1,0.0625,"Intertidal enriched"
"Mitochondrial biogenesis","Mitochondrial biogenesis","6/739","49/2946",0.992160896889603,0.999999970118267,0.902945410005388,"K02126/K02332/K22074/K17675/K02990/K15255",6,0.122448979591837,"Intertidal enriched"
"DNA replication","DNA replication","1/739","18/2946",0.994571683895902,0.999999970118267,0.902945410005388,"K10747",1,0.0555555555555556,"Intertidal enriched"
"Prokaryotic defense system","Prokaryotic defense system","7/739","57/2946",0.9950140088259,0.999999970118267,0.902945410005388,"K19159/K13581/K19158/K18831/K09952/K07171/K06223",7,0.12280701754386,"Intertidal enriched"
"RNA degradation","RNA degradation","1/739","19/2946",0.995941740453596,0.999999970118267,0.902945410005388,"K22468",1,0.0526315789473684,"Intertidal enriched"
"Secretion system","Secretion system","17/739","112/2946",0.996553454800658,0.999999970118267,0.902945410005388,"K12541/K11912/K02282/K03199/K02421/K02419/K12287/K16299/K02401/K02670/K02400/K02409/K02279/K12543/K11907/K20533/K01493",17,0.151785714285714,"Intertidal enriched"
"Glycerophospholipid metabolism","Glycerophospholipid metabolism","1/739","20/2946",0.996966357400912,0.999999970118267,0.902945410005388,"K05939",1,0.05,"Intertidal enriched"
"Transcription machinery","Transcription machinery","2/739","29/2946",0.997616782496107,0.999999970118267,0.902945410005388,"K15129/K03088",2,0.0689655172413793,"Intertidal enriched"
"Chromosome and associated proteins","Chromosome and associated proteins","11/739","84/2946",0.997975655768944,0.999999970118267,0.902945410005388,"K02516/K16765/K11940/K05516/K11407/K04094/K10841/K03645/K21871/K00653/K03719",11,0.130952380952381,"Intertidal enriched"
"DNA repair and recombination proteins","DNA repair and recombination proteins","14/739","100/2946",0.997982967475462,0.999999970118267,0.902945410005388,"K14162/K19026/K10778/K21929/K16899/K03652/K01971/K01142/K03724/K10901/K02347/K10747/K06223/K10841",14,0.14,"Intertidal enriched"
"Phenylalanine, tyrosine and tryptophan biosynthesis","Phenylalanine, tyrosine and tryptophan biosynthesis","1/739","22/2946",0.998305415761764,0.999999970118267,0.902945410005388,"K04518",1,0.0454545454545455,"Intertidal enriched"
"Bacterial secretion system","Bacterial secretion system","3/739","42/2946",0.999436293635633,0.999999970118267,0.902945410005388,"K11912/K03199/K11907",3,0.0714285714285714,"Intertidal enriched"
"Homologous recombination","Homologous recombination","1/739","26/2946",0.999471971009099,0.999999970118267,0.902945410005388,"K10901",1,0.0384615384615385,"Intertidal enriched"
"Aminoacyl-tRNA biosynthesis","Aminoacyl-tRNA biosynthesis","1/739","29/2946",0.999780049515418,0.999999970118267,0.902945410005388,"K04566",1,0.0344827586206897,"Intertidal enriched"
"Chaperones and folding catalysts","Chaperones and folding catalysts","3/739","46/2946",0.999792714688446,0.999999970118267,0.902945410005388,"K05516/K13993/K04080",3,0.0652173913043478,"Intertidal enriched"
"Phosphotransferase system (PTS)","Phosphotransferase system (PTS)","1/739","31/2946",0.99987739243177,0.999999970118267,0.902945410005388,"K08484",1,0.032258064516129,"Intertidal enriched"
"Lipopolysaccharide biosynthesis proteins","Lipopolysaccharide biosynthesis proteins","3/739","50/2946",0.999924936920479,0.999999970118267,0.902945410005388,"K12984/K13015/K10011",3,0.06,"Intertidal enriched"
"Ribosome","Ribosome","2/739","54/2946",0.999997209193911,0.999999970118267,0.902945410005388,"K02898/K02990",2,0.037037037037037,"Intertidal enriched"
"Transfer RNA biogenesis","Transfer RNA biogenesis","5/739","96/2946",0.999999970118267,0.999999970118267,0.902945410005388,"K02533/K01975/K04094/K07050/K04566",5,0.0520833333333333,"Intertidal enriched"
"Phosphotransferase system (PTS)","Phosphotransferase system (PTS)","21/715","31/2946",3.32867722667806e-07,8.28840629442838e-05,8.16401888227357e-05,"K02747/K02746/K02790/K02791/K02745/K11183/K02768/K02778/K02779/K02821/K03475/K02770/K02769/K02822/K02744/K02784/K11198/K11199/K11200/K02803/K02804",21,0.67741935483871,"Subtidal enriched"
"Biofilm formation - Vibrio cholerae","Biofilm formation - Vibrio cholerae","17/715","35/2946",0.00144851142111348,0.151704677008534,0.149427984540217,"K20948/K02472/K02453/K02778/K02779/K02458/K02459/K02462/K16554/K02455/K02463/K10941/K02460/K02452/K02457/K02405/K20988",17,0.485714285714286,"Subtidal enriched"
"Ribosome biogenesis","Ribosome biogenesis","27/715","67/2946",0.00242597821137253,0.151704677008534,0.149427984540217,"K03812/K14555/K07566/K14540/K06968/K15984/K08316/K03595/K02427/K06177/K14441/K09889/K05591/K07320/K06179/K06181/K03501/K07115/K12297/K03215/K06942/K11391/K06969/K07042/K00563/K00564/K06180",27,0.402985074626866,"Subtidal enriched"
"Galactose metabolism","Galactose metabolism","13/715","25/2946",0.00243702292383187,0.151704677008534,0.149427984540217,"K08302/K02079/K02747/K02746/K02745/K17716/K00850/K01785/K02744/K07407/K01854/K01182/K00965",13,0.52,"Subtidal enriched"
"Glycosyltransferases","Glycosyltransferases","17/715","37/2946",0.00307735884121315,0.153252470292415,0.150952549474245,"K12989/K21303/K12997/K00718/K21366/K13004/K14335/K13005/K16699/K12995/K02844/K12987/K02841/K12993/K15914/K21011/K05365",17,0.459459459459459,"Subtidal enriched"
"Transfer RNA biogenesis","Transfer RNA biogenesis","35/715","96/2946",0.00447702382800608,0.185796488862253,0.183008167004459,"K07236/K07237/K15460/K19055/K22132/K07566/K14058/K06957/K15396/K03151/K01892/K06175/K14742/K01886/K05541/K04567/K06177/K00557/K01880/K03177/K18979/K11374/K07235/K00556/K00554/K01887/K03683/K03650/K01868/K15256/K01875/K01883/K07568/K12573/K01876",35,0.364583333333333,"Subtidal enriched"
"Glycerophospholipid metabolism","Glycerophospholipid metabolism","10/715","20/2946",0.0109498845071791,0.389503034612514,0.383657607544772,"K01058/K01095/K00057/K00998/K00995/K01613/K00112/K01048/K00113/K00981",10,0.5,"Subtidal enriched"
"Ascorbate and aldarate metabolism","Ascorbate and aldarate metabolism","8/715","15/2946",0.0142187321217823,0.442558037290474,0.435916392680957,"K03078/K02821/K03475/K20023/K03079/K03476/K02822/K00103",8,0.533333333333333,"Subtidal enriched"
"General function prediction only","General function prediction only","16/715","41/2946",0.0247995885224584,0.686121949121348,0.675825043945356,"K03931/K08279/K07153/K03923/K06193/K05805/K03748/K09858/K03749/K03796/K06192/K07025/K02441/K05812/K07146/K03808",16,0.390243902439024,"Subtidal enriched"
"Function unknown","Function unknown","38/715","120/2946",0.0369564247527801,0.755263934222098,0.743929387756283,"K06946/K09120/K09908/K09896/K06908/K09891/K09950/K09801/K07121/K09938/K06871/K06906/K09900/K07030/K06921/K09986/K00243/K09792/K07117/K08998/K09921/K09910/K06889/K07140/K09920/K06918/K09786/K07089/K09158/K09165/K09131/K07039/K09916/K07139/K07040/K09898/K09895/K09797",38,0.316666666666667,"Subtidal enriched"
"Ribosome","Ribosome","19/715","54/2946",0.0458687264240965,0.755263934222098,0.743929387756283,"K02904/K02890/K02933/K02965/K02874/K02863/K02914/K02961/K02988/K02996/K02939/K02864/K02895/K02963/K02878/K02926/K02911/K02967/K02879",19,0.351851851851852,"Subtidal enriched"
"Biosynthesis of unsaturated fatty acids","Biosynthesis of unsaturated fatty acids","3/715","4/2946",0.0466599710885864,0.755263934222098,0.743929387756283,"K10806/K10805/K12405",3,0.75,"Subtidal enriched"
"Glutamatergic synapse","Glutamatergic synapse","3/715","4/2946",0.0466599710885864,0.755263934222098,0.743929387756283,"K05613/K04371/K01425",3,0.75,"Subtidal enriched"
"Prolactin signaling pathway","Prolactin signaling pathway","3/715","4/2946",0.0466599710885864,0.755263934222098,0.743929387756283,"K02580/K04371/K00965",3,0.75,"Subtidal enriched"
"Salmonella infection","Salmonella infection","3/715","4/2946",0.0466599710885864,0.755263934222098,0.743929387756283,"K02580/K05916/K04371",3,0.75,"Subtidal enriched"
"Cytoskeleton proteins","Cytoskeleton proteins","7/715","15/2946",0.0485310158536288,0.755263934222098,0.743929387756283,"K03609/K03610/K21387/K03531/K08798/K17292/K18640",7,0.466666666666667,"Subtidal enriched"
"Transporters","Transporters","106/715","382/2946",0.052255136355848,0.765384056035656,0.753897632873844,"K15770/K03326/K03758/K15771/K14062/K11743/K05245/K09998/K02747/K15772/K02746/K02790/K02791/K02745/K07308/K09997/K07785/K15548/K03284/K11183/K16077/K20265/K09996/K02768/K15549/K05613/K02778/K02779/K07084/K08218/K02821/K03475/K07309/K03585/K07287/K11005/K10974/K11201/K05548/K02770/K02769/K08713/K16554/K03759/K05802/K07862/K08177/K02824/K03834/K03325/K06901/K11073/K15383/K03446/K03646/K02822/K15582/K21218/K07306/K05779/K05778/K07307/K01991/K11720/K09999/K11928/K10109/K11074/K02744/K06212/K04758/K03837/K06186/K06141/K15598/K08369/K11202/K16087/K03811/K14683/K02784/K03498/K16092/K02168/K02073/K11198/K11199/K11200/K11742/K03548/K11929/K07240/K15581/K02803/K02804/K07122/K16787/K18093/K20988/K15738/K11104/K03315/K11203/K06213/K16013/K10108",106,0.277486910994764,"Subtidal enriched"
"Hepatitis C","Hepatitis C","4/715","7/2946",0.0637896029402132,0.784212215914714,0.772443231063743,"K02580/K14754/K02084/K04371",4,0.571428571428571,"Subtidal enriched"
"Prokaryotic defense system","Prokaryotic defense system","19/715","57/2946",0.075999945155701,0.784212215914714,0.772443231063743,"K18841/K18842/K01153/K01154/K19126/K00558/K03531/K19147/K19125/K07341/K07316/K07452/K19334/K19046/K07317/K18923/K01156/K19124/K19174",19,0.333333333333333,"Subtidal enriched"
"Replication and repair","Replication and repair","12/715","33/2946",0.0809446386676525,0.784212215914714,0.772443231063743,"K14060/K06919/K09760/K07489/K07491/K07498/K07480/K07459/K07443/K07482/K04096/K07495",12,0.363636363636364,"Subtidal enriched"
"Hepatitis B","Hepatitis B","3/715","5/2946",0.095791546418768,0.784212215914714,0.772443231063743,"K02580/K02084/K04371",3,0.6,"Subtidal enriched"
"MicroRNAs in cancer","MicroRNAs in cancer","3/715","5/2946",0.095791546418768,0.784212215914714,0.772443231063743,"K02580/K00558/K01425",3,0.6,"Subtidal enriched"
"Amino sugar and nucleotide sugar metabolism","Amino sugar and nucleotide sugar metabolism","20/715","63/2946",0.107562597696474,0.784212215914714,0.772443231063743,"K02472/K02790/K02791/K17716/K12453/K01198/K01209/K02778/K02779/K12454/K22252/K04042/K00523/K00884/K01854/K00965/K22292/K02803/K02804/K07102",20,0.317460317460317,"Subtidal enriched"
"Bacterial secretion system","Bacterial secretion system","14/715","42/2946",0.11724254456767,0.784212215914714,0.772443231063743,"K02453/K02458/K02459/K03229/K02462/K03070/K02455/K03230/K02460/K02452/K02457/K03116/K03224/K03226",14,0.333333333333333,"Subtidal enriched"
"Lipopolysaccharide biosynthesis proteins","Lipopolysaccharide biosynthesis proteins","16/715","50/2946",0.13249984857964,0.784212215914714,0.772443231063743,"K12989/K21303/K12997/K21366/K13004/K13005/K02848/K12995/K03269/K02844/K12987/K12976/K02841/K12993/K13012/K03273",16,0.32,"Subtidal enriched"
"Aminoacyl-tRNA biosynthesis","Aminoacyl-tRNA biosynthesis","10/715","29/2946",0.142537363573059,0.784212215914714,0.772443231063743,"K01892/K01886/K04567/K01880/K02434/K01887/K01868/K01875/K01883/K01876",10,0.344827586206897,"Subtidal enriched"
"Chromosome and associated proteins","Chromosome and associated proteins","25/715","84/2946",0.144503407136917,0.784212215914714,0.772443231063743,"K18422/K03609/K16740/K09201/K06631/K03610/K00558/K04047/K16484/K03585/K11293/K04371/K03531/K14963/K16482/K13053/K05589/K11374/K03586/K03501/K03528/K21121/K11419/K09892/K05501",25,0.297619047619048,"Subtidal enriched"
"Acute myeloid leukemia","Acute myeloid leukemia","2/715","3/2946",0.148023992562215,0.784212215914714,0.772443231063743,"K02580/K04371",2,0.666666666666667,"Subtidal enriched"
"AGE-RAGE signaling pathway in diabetic complications","AGE-RAGE signaling pathway in diabetic complications","2/715","3/2946",0.148023992562215,0.784212215914714,0.772443231063743,"K02580/K04371",2,0.666666666666667,"Subtidal enriched"
"B cell receptor signaling pathway","B cell receptor signaling pathway","2/715","3/2946",0.148023992562215,0.784212215914714,0.772443231063743,"K02580/K04371",2,0.666666666666667,"Subtidal enriched"
"cAMP signaling pathway","cAMP signaling pathway","2/715","3/2946",0.148023992562215,0.784212215914714,0.772443231063743,"K02580/K04371",2,0.666666666666667,"Subtidal enriched"
"Chemokine signaling pathway","Chemokine signaling pathway","2/715","3/2946",0.148023992562215,0.784212215914714,0.772443231063743,"K02580/K04371",2,0.666666666666667,"Subtidal enriched"
"Chronic myeloid leukemia","Chronic myeloid leukemia","2/715","3/2946",0.148023992562215,0.784212215914714,0.772443231063743,"K02580/K04371",2,0.666666666666667,"Subtidal enriched"
"Glycan metabolism","Glycan metabolism","2/715","3/2946",0.148023992562215,0.784212215914714,0.772443231063743,"K19421/K19804",2,0.666666666666667,"Subtidal enriched"
"Glycosphingolipid biosynthesis - globo and isoglobo series","Glycosphingolipid biosynthesis - globo and isoglobo series","2/715","3/2946",0.148023992562215,0.784212215914714,0.772443231063743,"K00718/K07407",2,0.666666666666667,"Subtidal enriched"
"IL-17 signaling pathway","IL-17 signaling pathway","2/715","3/2946",0.148023992562215,0.784212215914714,0.772443231063743,"K02580/K04371",2,0.666666666666667,"Subtidal enriched"
"mTOR signaling pathway","mTOR signaling pathway","2/715","3/2946",0.148023992562215,0.784212215914714,0.772443231063743,"K08266/K04371",2,0.666666666666667,"Subtidal enriched"
"Neurotrophin signaling pathway","Neurotrophin signaling pathway","2/715","3/2946",0.148023992562215,0.784212215914714,0.772443231063743,"K02580/K04371",2,0.666666666666667,"Subtidal enriched"
"Oocyte meiosis","Oocyte meiosis","2/715","3/2946",0.148023992562215,0.784212215914714,0.772443231063743,"K06631/K04371",2,0.666666666666667,"Subtidal enriched"
"Osteoclast differentiation","Osteoclast differentiation","2/715","3/2946",0.148023992562215,0.784212215914714,0.772443231063743,"K02580/K04371",2,0.666666666666667,"Subtidal enriched"
"Pancreatic cancer","Pancreatic cancer","2/715","3/2946",0.148023992562215,0.784212215914714,0.772443231063743,"K02580/K04371",2,0.666666666666667,"Subtidal enriched"
"Ras signaling pathway","Ras signaling pathway","2/715","3/2946",0.148023992562215,0.784212215914714,0.772443231063743,"K02580/K04371",2,0.666666666666667,"Subtidal enriched"
"Relaxin signaling pathway","Relaxin signaling pathway","2/715","3/2946",0.148023992562215,0.784212215914714,0.772443231063743,"K02580/K04371",2,0.666666666666667,"Subtidal enriched"
"Shigellosis","Shigellosis","2/715","3/2946",0.148023992562215,0.784212215914714,0.772443231063743,"K02580/K04371",2,0.666666666666667,"Subtidal enriched"
"T cell receptor signaling pathway","T cell receptor signaling pathway","2/715","3/2946",0.148023992562215,0.784212215914714,0.772443231063743,"K02580/K04371",2,0.666666666666667,"Subtidal enriched"
"Th17 cell differentiation","Th17 cell differentiation","2/715","3/2946",0.148023992562215,0.784212215914714,0.772443231063743,"K02580/K04371",2,0.666666666666667,"Subtidal enriched"
"TNF signaling pathway","TNF signaling pathway","2/715","3/2946",0.148023992562215,0.784212215914714,0.772443231063743,"K02580/K04371",2,0.666666666666667,"Subtidal enriched"
"Pentose and glucuronate interconversions","Pentose and glucuronate interconversions","7/715","19/2946",0.154845854331066,0.786109747378008,0.774312285517125,"K03078/K16850/K01195/K03079/K00875/K16849/K08322",7,0.368421052631579,"Subtidal enriched"
"Apoptosis","Apoptosis","3/715","6/2946",0.157853362927311,0.786109747378008,0.774312285517125,"K02580/K02084/K04371",3,0.5,"Subtidal enriched"
"Bacterial toxins","Bacterial toxins","3/715","6/2946",0.157853362927311,0.786109747378008,0.774312285517125,"K11005/K11029/K16637",3,0.5,"Subtidal enriched"
"Ubiquinone and other terpenoid-quinone biosynthesis","Ubiquinone and other terpenoid-quinone biosynthesis","8/715","23/2946",0.172798888153109,0.843665159806357,0.831003940963354,"K03186/K18800/K03181/K02551/K03182/K02549/K03809/K03184",8,0.347826086956522,"Subtidal enriched"
"Chaperones and folding catalysts","Chaperones and folding catalysts","14/715","46/2946",0.206195090022989,0.913200227866544,0.899495468581293,"K04044/K03673/K03981/K02108/K03772/K07390/K03773/K03687/K04082/K04084/K03611/K03767/K03775/K03672",14,0.304347826086957,"Subtidal enriched"
"Antifolate resistance","Antifolate resistance","3/715","7/2946",0.228401182917634,0.913200227866544,0.899495468581293,"K02580/K00287/K00560",3,0.428571428571429,"Subtidal enriched"
"Structural proteins","Structural proteins","7/715","21/2946",0.230389419771388,0.913200227866544,0.899495468581293,"K01446/K06077/K07289/K15539/K06194/K02494/K02200",7,0.333333333333333,"Subtidal enriched"
"Amyotrophic lateral sclerosis (ALS)","Amyotrophic lateral sclerosis (ALS)","2/715","4/2946",0.249388014035843,0.913200227866544,0.899495468581293,"K05613/K02084",2,0.5,"Subtidal enriched"
"Apoptosis - fly","Apoptosis - fly","2/715","4/2946",0.249388014035843,0.913200227866544,0.899495468581293,"K02084/K04371",2,0.5,"Subtidal enriched"
"C-type lectin receptor signaling pathway","C-type lectin receptor signaling pathway","2/715","4/2946",0.249388014035843,0.913200227866544,0.899495468581293,"K02580/K04371",2,0.5,"Subtidal enriched"
"Cellular senescence","Cellular senescence","2/715","4/2946",0.249388014035843,0.913200227866544,0.899495468581293,"K02580/K04371",2,0.5,"Subtidal enriched"
"Chagas disease (American trypanosomiasis)","Chagas disease (American trypanosomiasis)","2/715","4/2946",0.249388014035843,0.913200227866544,0.899495468581293,"K02580/K04371",2,0.5,"Subtidal enriched"
"Cushing syndrome","Cushing syndrome","2/715","4/2946",0.249388014035843,0.913200227866544,0.899495468581293,"K04371/K14963",2,0.5,"Subtidal enriched"
"Human cytomegalovirus infection","Human cytomegalovirus infection","2/715","4/2946",0.249388014035843,0.913200227866544,0.899495468581293,"K02580/K04371",2,0.5,"Subtidal enriched"
"Kaposi sarcoma-associated herpesvirus infection","Kaposi sarcoma-associated herpesvirus infection","2/715","4/2946",0.249388014035843,0.913200227866544,0.899495468581293,"K02580/K04371",2,0.5,"Subtidal enriched"
"MAPK signaling pathway","MAPK signaling pathway","2/715","4/2946",0.249388014035843,0.913200227866544,0.899495468581293,"K02580/K04371",2,0.5,"Subtidal enriched"
"Measles","Measles","2/715","4/2946",0.249388014035843,0.913200227866544,0.899495468581293,"K02580/K14754",2,0.5,"Subtidal enriched"
"Prostate cancer","Prostate cancer","2/715","4/2946",0.249388014035843,0.913200227866544,0.899495468581293,"K02580/K04371",2,0.5,"Subtidal enriched"
"Small cell lung cancer","Small cell lung cancer","2/715","4/2946",0.249388014035843,0.913200227866544,0.899495468581293,"K02580/K02084",2,0.5,"Subtidal enriched"
"Toll-like receptor signaling pathway","Toll-like receptor signaling pathway","2/715","4/2946",0.249388014035843,0.913200227866544,0.899495468581293,"K02580/K04371",2,0.5,"Subtidal enriched"
"Toxoplasmosis","Toxoplasmosis","2/715","4/2946",0.249388014035843,0.913200227866544,0.899495468581293,"K02580/K04371",2,0.5,"Subtidal enriched"
"Energy metabolism","Energy metabolism","6/715","18/2946",0.25729182163962,0.928487878090803,0.914553690953951,"K03855/K05524/K03612/K02379/K02573/K03521",6,0.333333333333333,"Subtidal enriched"
"Mitochondrial biogenesis","Mitochondrial biogenesis","14/715","49/2946",0.287919527382326,0.972498640056222,0.957903965897695,"K09201/K19523/K17677/K02258/K03595/K07390/K03687/K04082/K10270/K01880/K02434/K01887/K02911/K01876",14,0.285714285714286,"Subtidal enriched"
"Ubiquitin system","Ubiquitin system","5/715","15/2946",0.289327928170224,0.972498640056222,0.957903965897695,"K19041/K13717/K10599/K10270/K15073",5,0.333333333333333,"Subtidal enriched"
"Biofilm formation - Pseudomonas aeruginosa","Biofilm formation - Pseudomonas aeruginosa","9/715","30/2946",0.292095508016618,0.972498640056222,0.957903965897695,"K02660/K02659/K20974/K10941/K20976/K06596/K21025/K02405/K21011",9,0.3,"Subtidal enriched"
"Secretion system","Secretion system","30/715","112/2946",0.296844223778248,0.972498640056222,0.957903965897695,"K02676/K02660/K11909/K21966/K03220/K02656/K02659/K02453/K02458/K02459/K03229/K02462/K03070/K03981/K02455/K03230/K02463/K02460/K12512/K02665/K02672/K02452/K02457/K02221/K03116/K03224/K02671/K03226/K02674/K02666",30,0.267857142857143,"Subtidal enriched"
"Propanoate metabolism","Propanoate metabolism","10/715","34/2946",0.299169543995726,0.972498640056222,0.957903965897695,"K08325/K13788/K01825/K00925/K00625/K01734/K01965/K19745/K00656/K00016",10,0.294117647058824,"Subtidal enriched"
"Central carbon metabolism in cancer","Central carbon metabolism in cancer","3/715","8/2946",0.303240922000937,0.972498640056222,0.957903965897695,"K00850/K04371/K01425",3,0.375,"Subtidal enriched"
"Influenza A","Influenza A","3/715","8/2946",0.303240922000937,0.972498640056222,0.957903965897695,"K02580/K14754/K04371",3,0.375,"Subtidal enriched"
"Tuberculosis","Tuberculosis","3/715","8/2946",0.303240922000937,0.972498640056222,0.957903965897695,"K02580/K02084/K04371",3,0.375,"Subtidal enriched"
"Enzymes with EC numbers","Enzymes with EC numbers","43/715","166/2946",0.335870814630397,0.972498640056222,0.957903965897695,"K15922/K21298/K18478/K19428/K08297/K05941/K00313/K21936/K18367/K00986/K21512/K01447/K10820/K18399/K03578/K10671/K03616/K18665/K03424/K19068/K03614/K11065/K00346/K00754/K05521/K04068/K01066/K18204/K00347/K08320/K08298/K11161/K01766/K07447/K07107/K03579/K09022/K01175/K00351/K21576/K07053/K01150/K21577",43,0.259036144578313,"Subtidal enriched"
"beta-Lactam resistance","beta-Lactam resistance","5/715","16/2946",0.343446384225441,0.972498640056222,0.957903965897695,"K08218/K03585/K15582/K15581/K18093",5,0.3125,"Subtidal enriched"
"Autophagy - animal","Autophagy - animal","2/715","5/2946",0.351785659113894,0.972498640056222,0.957903965897695,"K08266/K04371",2,0.4,"Subtidal enriched"
"Cell motility","Cell motility","2/715","5/2946",0.351785659113894,0.972498640056222,0.957903965897695,"K15723/K08086",2,0.4,"Subtidal enriched"
"Cofactor metabolism","Cofactor metabolism","2/715","5/2946",0.351785659113894,0.972498640056222,0.957903965897695,"K12942/K03690",2,0.4,"Subtidal enriched"
"D-Glutamine and D-glutamate metabolism","D-Glutamine and D-glutamate metabolism","2/715","5/2946",0.351785659113894,0.972498640056222,0.957903965897695,"K01776/K01425",2,0.4,"Subtidal enriched"
"Epithelial cell signaling in Helicobacter pylori infection","Epithelial cell signaling in Helicobacter pylori infection","2/715","5/2946",0.351785659113894,0.972498640056222,0.957903965897695,"K02580/K08303",2,0.4,"Subtidal enriched"
"FoxO signaling pathway","FoxO signaling pathway","2/715","5/2946",0.351785659113894,0.972498640056222,0.957903965897695,"K06631/K04371",2,0.4,"Subtidal enriched"
"Glycosaminoglycan degradation","Glycosaminoglycan degradation","2/715","5/2946",0.351785659113894,0.972498640056222,0.957903965897695,"K01136/K01195",2,0.4,"Subtidal enriched"
"Human T-cell leukemia virus 1 infection","Human T-cell leukemia virus 1 infection","2/715","5/2946",0.351785659113894,0.972498640056222,0.957903965897695,"K02580/K04371",2,0.4,"Subtidal enriched"
"Progesterone-mediated oocyte maturation","Progesterone-mediated oocyte maturation","2/715","5/2946",0.351785659113894,0.972498640056222,0.957903965897695,"K06631/K04371",2,0.4,"Subtidal enriched"
"Proteasome","Proteasome","2/715","5/2946",0.351785659113894,0.972498640056222,0.957903965897695,"K06694/K11885",2,0.4,"Subtidal enriched"
"Arginine biosynthesis","Arginine biosynthesis","6/715","20/2946",0.353200419529148,0.972498640056222,0.957903965897695,"K14260/K00926/K14682/K01425/K01478/K00145",6,0.3,"Subtidal enriched"
"Transcription factors","Transcription factors","25/715","95/2946",0.356440228747993,0.972498640056222,0.957903965897695,"K02580/K21645/K12113/K09228/K09201/K07592/K03402/K11534/K03484/K18297/K03720/K21757/K19242/K07726/K10941/K03436/K22491/K02081/K21544/K22300/K02565/K13633/K07735/K05785/K05501",25,0.263157894736842,"Subtidal enriched"
"Cell growth","Cell growth","3/715","9/2946",0.378844851748809,0.972498640056222,0.957903965897695,"K06378/K06400/K06377",3,0.333333333333333,"Subtidal enriched"
"Human papillomavirus infection","Human papillomavirus infection","3/715","9/2946",0.378844851748809,0.972498640056222,0.957903965897695,"K02580/K14754/K04371",3,0.333333333333333,"Subtidal enriched"
"Legionellosis","Legionellosis","3/715","9/2946",0.378844851748809,0.972498640056222,0.957903965897695,"K02580/K02084/K03596",3,0.333333333333333,"Subtidal enriched"
"Pathways in cancer","Pathways in cancer","3/715","9/2946",0.378844851748809,0.972498640056222,0.957903965897695,"K02580/K02084/K04371",3,0.333333333333333,"Subtidal enriched"
"PI3K-Akt signaling pathway","PI3K-Akt signaling pathway","3/715","9/2946",0.378844851748809,0.972498640056222,0.957903965897695,"K02580/K08266/K04371",3,0.333333333333333,"Subtidal enriched"
"Protein phosphatases and associated proteins","Protein phosphatases and associated proteins","3/715","9/2946",0.378844851748809,0.972498640056222,0.957903965897695,"K00850/K07758/K01079",3,0.333333333333333,"Subtidal enriched"
"Cationic antimicrobial peptide (CAMP) resistance","Cationic antimicrobial peptide (CAMP) resistance","4/715","13/2946",0.391223749719883,0.994027690614805,0.979109921425701,"K03585/K03673/K07640/K03767",4,0.307692307692308,"Subtidal enriched"
"Peptidases","Peptidases","23/715","89/2946",0.4032655088843,0.999991778213895,0.984984503588406,"K01305/K01267/K05520/K13717/K16922/K01270/K06002/K01258/K04770/K01278/K01408/K04691/K03503/K03152/K05823/K09473/K21471/K04774/K08641/K07258/K08303/K01414/K08259",23,0.258426966292135,"Subtidal enriched"
"Peptidoglycan biosynthesis and degradation proteins","Peptidoglycan biosynthesis and degradation proteins","10/715","38/2946",0.445418100063257,0.999991778213895,0.984984503588406,"K01776/K19302/K03806/K08307/K21471/K08641/K08306/K07258/K05365/K08259",10,0.263157894736842,"Subtidal enriched"
"Adipocytokine signaling pathway","Adipocytokine signaling pathway","2/715","6/2946",0.448751807207185,0.999991778213895,0.984984503588406,"K02580/K19523",2,0.333333333333333,"Subtidal enriched"
"Epstein-Barr virus infection","Epstein-Barr virus infection","2/715","6/2946",0.448751807207185,0.999991778213895,0.984984503588406,"K02580/K02084",2,0.333333333333333,"Subtidal enriched"
"Geraniol degradation","Geraniol degradation","2/715","6/2946",0.448751807207185,0.999991778213895,0.984984503588406,"K01825/K00632",2,0.333333333333333,"Subtidal enriched"
"Human immunodeficiency virus 1 infection","Human immunodeficiency virus 1 infection","2/715","6/2946",0.448751807207185,0.999991778213895,0.984984503588406,"K02580/K04371",2,0.333333333333333,"Subtidal enriched"
"Insulin resistance","Insulin resistance","2/715","6/2946",0.448751807207185,0.999991778213895,0.984984503588406,"K02580/K19523",2,0.333333333333333,"Subtidal enriched"
"PPAR signaling pathway","PPAR signaling pathway","2/715","6/2946",0.448751807207185,0.999991778213895,0.984984503588406,"K08766/K19523",2,0.333333333333333,"Subtidal enriched"
"Sphingolipid signaling pathway","Sphingolipid signaling pathway","2/715","6/2946",0.448751807207185,0.999991778213895,0.984984503588406,"K02580/K04371",2,0.333333333333333,"Subtidal enriched"
"DNA replication","DNA replication","5/715","18/2946",0.452283235905783,0.999991778213895,0.984984503588406,"K02339/K02316/K02343/K03763/K02314",5,0.277777777777778,"Subtidal enriched"
"AMPK signaling pathway","AMPK signaling pathway","3/715","10/2946",0.452485043061671,0.999991778213895,0.984984503588406,"K19523/K00850/K00021",3,0.3,"Subtidal enriched"
"Thermogenesis","Thermogenesis","4/715","14/2946",0.452931598275826,0.999991778213895,0.984984503588406,"K08266/K08766/K19523/K02258",4,0.285714285714286,"Subtidal enriched"
"DNA replication proteins","DNA replication proteins","10/715","39/2946",0.482110692849637,0.999991778213895,0.984984503588406,"K00558/K02339/K03169/K02316/K03168/K02343/K10763/K03763/K02315/K02314",10,0.256410256410256,"Subtidal enriched"
"Alzheimer disease","Alzheimer disease","3/715","11/2946",0.522212472165811,0.999991778213895,0.984984503588406,"K02084/K04371/K01408",3,0.272727272727273,"Subtidal enriched"
"Taurine and hypotaurine metabolism","Taurine and hypotaurine metabolism","3/715","11/2946",0.522212472165811,0.999991778213895,0.984984503588406,"K13788/K00925/K00625",3,0.272727272727273,"Subtidal enriched"
"Pertussis","Pertussis","2/715","7/2946",0.536892056923006,0.999991778213895,0.984984503588406,"K02580/K04371",2,0.285714285714286,"Subtidal enriched"
"Platinum drug resistance","Platinum drug resistance","2/715","7/2946",0.536892056923006,0.999991778213895,0.984984503588406,"K02084/K04371",2,0.285714285714286,"Subtidal enriched"
"Viral carcinogenesis","Viral carcinogenesis","2/715","7/2946",0.536892056923006,0.999991778213895,0.984984503588406,"K02580/K04371",2,0.285714285714286,"Subtidal enriched"
"Fatty acid degradation","Fatty acid degradation","5/715","20/2946",0.555648298566448,0.999991778213895,0.984984503588406,"K08766/K19523/K01825/K04072/K00632",5,0.25,"Subtidal enriched"
"Apelin signaling pathway","Apelin signaling pathway","1/715","3/2946",0.565831156703516,0.999991778213895,0.984984503588406,"K04371",1,0.333333333333333,"Subtidal enriched"
"Autophagy - yeast","Autophagy - yeast","1/715","3/2946",0.565831156703516,0.999991778213895,0.984984503588406,"K08266",1,0.333333333333333,"Subtidal enriched"
"Bile secretion","Bile secretion","1/715","3/2946",0.565831156703516,0.999991778213895,0.984984503588406,"K00021",1,0.333333333333333,"Subtidal enriched"
"Caprolactam degradation","Caprolactam degradation","1/715","3/2946",0.565831156703516,0.999991778213895,0.984984503588406,"K01825",1,0.333333333333333,"Subtidal enriched"
"Colorectal cancer","Colorectal cancer","1/715","3/2946",0.565831156703516,0.999991778213895,0.984984503588406,"K04371",1,0.333333333333333,"Subtidal enriched"
"Estrogen signaling pathway","Estrogen signaling pathway","1/715","3/2946",0.565831156703516,0.999991778213895,0.984984503588406,"K04371",1,0.333333333333333,"Subtidal enriched"
"GABAergic synapse","GABAergic synapse","1/715","3/2946",0.565831156703516,0.999991778213895,0.984984503588406,"K01425",1,0.333333333333333,"Subtidal enriched"
"Hepatocellular carcinoma","Hepatocellular carcinoma","1/715","3/2946",0.565831156703516,0.999991778213895,0.984984503588406,"K04371",1,0.333333333333333,"Subtidal enriched"
"Lipoarabinomannan (LAM) biosynthesis","Lipoarabinomannan (LAM) biosynthesis","1/715","3/2946",0.565831156703516,0.999991778213895,0.984984503588406,"K14335",1,0.333333333333333,"Subtidal enriched"
"Lipoic acid metabolism","Lipoic acid metabolism","1/715","3/2946",0.565831156703516,0.999991778213895,0.984984503588406,"K03800",1,0.333333333333333,"Subtidal enriched"
"MAPK signaling pathway - yeast","MAPK signaling pathway - yeast","1/715","3/2946",0.565831156703516,0.999991778213895,0.984984503588406,"K04371",1,0.333333333333333,"Subtidal enriched"
"Oxytocin signaling pathway","Oxytocin signaling pathway","1/715","3/2946",0.565831156703516,0.999991778213895,0.984984503588406,"K04371",1,0.333333333333333,"Subtidal enriched"
"p53 signaling pathway","p53 signaling pathway","1/715","3/2946",0.565831156703516,0.999991778213895,0.984984503588406,"K02084",1,0.333333333333333,"Subtidal enriched"
"Phosphatidylinositol signaling system","Phosphatidylinositol signaling system","1/715","3/2946",0.565831156703516,0.999991778213895,0.984984503588406,"K00981",1,0.333333333333333,"Subtidal enriched"
"Phospholipase D signaling pathway","Phospholipase D signaling pathway","1/715","3/2946",0.565831156703516,0.999991778213895,0.984984503588406,"K04371",1,0.333333333333333,"Subtidal enriched"
"Proteoglycans in cancer","Proteoglycans in cancer","1/715","3/2946",0.565831156703516,0.999991778213895,0.984984503588406,"K04371",1,0.333333333333333,"Subtidal enriched"
"Proximal tubule bicarbonate reclamation","Proximal tubule bicarbonate reclamation","1/715","3/2946",0.565831156703516,0.999991778213895,0.984984503588406,"K01425",1,0.333333333333333,"Subtidal enriched"
"Regulation of actin cytoskeleton","Regulation of actin cytoskeleton","1/715","3/2946",0.565831156703516,0.999991778213895,0.984984503588406,"K04371",1,0.333333333333333,"Subtidal enriched"
"Retrograde endocannabinoid signaling","Retrograde endocannabinoid signaling","1/715","3/2946",0.565831156703516,0.999991778213895,0.984984503588406,"K04371",1,0.333333333333333,"Subtidal enriched"
"Ubiquitin mediated proteolysis","Ubiquitin mediated proteolysis","1/715","3/2946",0.565831156703516,0.999991778213895,0.984984503588406,"K10599",1,0.333333333333333,"Subtidal enriched"
"Sulfur relay system","Sulfur relay system","4/715","16/2946",0.568749661192306,0.999991778213895,0.984984503588406,"K07236/K07237/K03151/K07235",4,0.25,"Subtidal enriched"
"Photosynthesis","Photosynthesis","3/715","12/2946",0.586760828171245,0.999991778213895,0.984984503588406,"K02110/K02108/K02705",3,0.25,"Subtidal enriched"
"Polyketide biosynthesis proteins","Polyketide biosynthesis proteins","3/715","12/2946",0.586760828171245,0.999991778213895,0.984984503588406,"K14371/K04784/K16129",3,0.25,"Subtidal enriched"
"Translation factors","Translation factors","5/715","21/2946",0.603561885795884,0.999991778213895,0.984984503588406,"K01056/K06927/K03833/K09906/K02356",5,0.238095238095238,"Subtidal enriched"
"Glucagon signaling pathway","Glucagon signaling pathway","2/715","8/2946",0.614775768563695,0.999991778213895,0.984984503588406,"K19523/K00016",2,0.25,"Subtidal enriched"
"HIF-1 signaling pathway","HIF-1 signaling pathway","2/715","8/2946",0.614775768563695,0.999991778213895,0.984984503588406,"K02580/K04371",2,0.25,"Subtidal enriched"
"NOD-like receptor signaling pathway","NOD-like receptor signaling pathway","2/715","8/2946",0.614775768563695,0.999991778213895,0.984984503588406,"K02580/K04371",2,0.25,"Subtidal enriched"
"Homologous recombination","Homologous recombination","6/715","26/2946",0.631712153813923,0.999991778213895,0.984984503588406,"K03581/K02339/K03582/K03583/K02343/K03763",6,0.230769230769231,"Subtidal enriched"
"Amino acid related enzymes","Amino acid related enzymes","12/715","52/2946",0.633531994591383,0.999991778213895,0.984984503588406,"K14260/K14155/K01892/K01886/K04567/K00835/K01880/K01887/K01868/K01875/K01883/K01876",12,0.230769230769231,"Subtidal enriched"
"Pyrimidine metabolism","Pyrimidine metabolism","11/715","48/2946",0.642510867034919,0.999991778213895,0.984984503588406,"K01485/K00757/K01591/K00893/K09903/K00560/K16066/K11751/K17828/K03784/K21636",11,0.229166666666667,"Subtidal enriched"
"Lipopolysaccharide biosynthesis","Lipopolysaccharide biosynthesis","5/715","22/2946",0.648382408872348,0.999991778213895,0.984984503588406,"K02848/K03269/K02844/K02841/K03273",5,0.227272727272727,"Subtidal enriched"
"Adrenergic signaling in cardiomyocytes","Adrenergic signaling in cardiomyocytes","1/715","4/2946",0.671312204259406,0.999991778213895,0.984984503588406,"K04371",1,0.25,"Subtidal enriched"
"Alcoholism","Alcoholism","1/715","4/2946",0.671312204259406,0.999991778213895,0.984984503588406,"K04371",1,0.25,"Subtidal enriched"
"Biosynthesis of siderophore group nonribosomal peptides","Biosynthesis of siderophore group nonribosomal peptides","1/715","4/2946",0.671312204259406,0.999991778213895,0.984984503588406,"K04784",1,0.25,"Subtidal enriched"
"CD molecules","CD molecules","1/715","4/2946",0.671312204259406,0.999991778213895,0.984984503588406,"K01278",1,0.25,"Subtidal enriched"
"Cell cycle","Cell cycle","1/715","4/2946",0.671312204259406,0.999991778213895,0.984984503588406,"K06631",1,0.25,"Subtidal enriched"
"Focal adhesion","Focal adhesion","1/715","4/2946",0.671312204259406,0.999991778213895,0.984984503588406,"K04371",1,0.25,"Subtidal enriched"
"Limonene and pinene degradation","Limonene and pinene degradation","1/715","4/2946",0.671312204259406,0.999991778213895,0.984984503588406,"K01825",1,0.25,"Subtidal enriched"
"Longevity regulating pathway","Longevity regulating pathway","1/715","4/2946",0.671312204259406,0.999991778213895,0.984984503588406,"K02580",1,0.25,"Subtidal enriched"
"Phenylpropanoid biosynthesis","Phenylpropanoid biosynthesis","1/715","4/2946",0.671312204259406,0.999991778213895,0.984984503588406,"K03186",1,0.25,"Subtidal enriched"
"Renal cell carcinoma","Renal cell carcinoma","1/715","4/2946",0.671312204259406,0.999991778213895,0.984984503588406,"K04371",1,0.25,"Subtidal enriched"
"Bacterial motility proteins","Bacterial motility proteins","13/715","58/2946",0.679860735205166,0.999991778213895,0.984984503588406,"K02676/K02660/K02656/K02659/K21218/K02487/K06596/K02665/K02672/K02405/K02671/K02674/K02666",13,0.224137931034483,"Subtidal enriched"
"Lysosome","Lysosome","2/715","9/2946",0.682184601939376,0.999991778213895,0.984984503588406,"K01136/K01195",2,0.222222222222222,"Subtidal enriched"
"Vitamin B6 metabolism","Vitamin B6 metabolism","2/715","9/2946",0.682184601939376,0.999991778213895,0.984984503588406,"K07758/K00868",2,0.222222222222222,"Subtidal enriched"
"Starch and sucrose metabolism","Starch and sucrose metabolism","7/715","32/2946",0.690679292685671,0.999991778213895,0.984984503588406,"K01232/K02790/K02791/K01200/K00705/K01208/K01182",7,0.21875,"Subtidal enriched"
"Drug metabolism - other enzymes","Drug metabolism - other enzymes","3/715","14/2946",0.697919320824152,0.999991778213895,0.984984503588406,"K00757/K01195/K00760",3,0.214285714285714,"Subtidal enriched"
"Photosynthesis proteins","Photosynthesis proteins","3/715","14/2946",0.697919320824152,0.999991778213895,0.984984503588406,"K02110/K02108/K02705",3,0.214285714285714,"Subtidal enriched"
"Signaling proteins","Signaling proteins","3/715","14/2946",0.697919320824152,0.999991778213895,0.984984503588406,"K07168/K07180/K07175",3,0.214285714285714,"Subtidal enriched"
"Nicotinate and nicotinamide metabolism","Nicotinate and nicotinamide metabolism","6/715","28/2946",0.707617006528151,0.999991778213895,0.984984503588406,"K01950/K00969/K08281/K11751/K00322/K03784",6,0.214285714285714,"Subtidal enriched"
"Antimicrobial resistance genes","Antimicrobial resistance genes","4/715","19/2946",0.713392496859927,0.999991778213895,0.984984503588406,"K03585/K18297/K18093/K08641",4,0.210526315789474,"Subtidal enriched"
"RNA degradation","RNA degradation","4/715","19/2946",0.713392496859927,0.999991778213895,0.984984503588406,"K00850/K11927/K03732/K12573",4,0.210526315789474,"Subtidal enriched"
"Riboflavin metabolism","Riboflavin metabolism","2/715","10/2946",0.739609491658803,0.999991778213895,0.984984503588406,"K22393/K21064",2,0.2,"Subtidal enriched"
"DNA repair and recombination proteins","DNA repair and recombination proteins","22/715","100/2946",0.740928008727411,0.999991778213895,0.984984503588406,"K03648/K03581/K03656/K10599/K03546/K01141/K02339/K03565/K10860/K03503/K07458/K03582/K19789/K03583/K03554/K03574/K03168/K02343/K03763/K01151/K03502/K03701",22,0.22,"Subtidal enriched"
"Transcription machinery","Transcription machinery","6/715","29/2946",0.741309795469481,0.999991778213895,0.984984503588406,"K03580/K03598/K03597/K03600/K02405/K04760",6,0.206896551724138,"Subtidal enriched"
"Glycerolipid metabolism","Glycerolipid metabolism","3/715","15/2946",0.744293190542542,0.999991778213895,0.984984503588406,"K07407/K05879/K03621",3,0.2,"Subtidal enriched"
"Chemical carcinogenesis","Chemical carcinogenesis","1/715","5/2946",0.751193840545785,0.999991778213895,0.984984503588406,"K01014",1,0.2,"Subtidal enriched"
"Naphthalene degradation","Naphthalene degradation","1/715","5/2946",0.751193840545785,0.999991778213895,0.984984503588406,"K04072",1,0.2,"Subtidal enriched"
"Nonribosomal peptide structures","Nonribosomal peptide structures","1/715","5/2946",0.751193840545785,0.999991778213895,0.984984503588406,"K16129",1,0.2,"Subtidal enriched"
"Purine metabolism","Purine metabolism","14/715","67/2946",0.78432915101315,0.999991778213895,0.984984503588406,"K00926/K11029/K01839/K01525/K00893/K11751/K08312/K00364/K00760/K00073/K03784/K21636/K01486/K00892",14,0.208955223880597,"Subtidal enriched"
"Membrane trafficking","Membrane trafficking","4/715","21/2946",0.787950113642099,0.999991778213895,0.984984503588406,"K00718/K08266/K01267/K08838",4,0.19047619047619,"Subtidal enriched"
"Mismatch repair","Mismatch repair","4/715","21/2946",0.787950113642099,0.999991778213895,0.984984503588406,"K01141/K02339/K02343/K03763",4,0.19047619047619,"Subtidal enriched"
"Protein kinases","Protein kinases","11/715","54/2946",0.795749331562167,0.999991778213895,0.984984503588406,"K19621/K20974/K08801/K06631/K14986/K08838/K04371/K08798/K06596/K07640/K07639",11,0.203703703703704,"Subtidal enriched"
"Fluid shear stress and atherosclerosis","Fluid shear stress and atherosclerosis","1/715","6/2946",0.811682247213504,0.999991778213895,0.984984503588406,"K02580",1,0.166666666666667,"Subtidal enriched"
"Herpes simplex infection","Herpes simplex infection","1/715","6/2946",0.811682247213504,0.999991778213895,0.984984503588406,"K02580",1,0.166666666666667,"Subtidal enriched"
"Insulin signaling pathway","Insulin signaling pathway","1/715","6/2946",0.811682247213504,0.999991778213895,0.984984503588406,"K04371",1,0.166666666666667,"Subtidal enriched"
"Sphingolipid metabolism","Sphingolipid metabolism","1/715","6/2946",0.811682247213504,0.999991778213895,0.984984503588406,"K07407",1,0.166666666666667,"Subtidal enriched"
"Transcription","Transcription","1/715","6/2946",0.811682247213504,0.999991778213895,0.984984503588406,"K06959",1,0.166666666666667,"Subtidal enriched"
"Vancomycin resistance","Vancomycin resistance","1/715","6/2946",0.811682247213504,0.999991778213895,0.984984503588406,"K08641",1,0.166666666666667,"Subtidal enriched"
"Glycolysis / Gluconeogenesis","Glycolysis / Gluconeogenesis","9/715","46/2946",0.821095640790644,0.999991778213895,0.984984503588406,"K02790/K02791/K02778/K02779/K00850/K01785/K04072/K00627/K00016",9,0.195652173913043,"Subtidal enriched"
"Biotin metabolism","Biotin metabolism","2/715","12/2946",0.828151762887779,0.999991778213895,0.984984503588406,"K01012/K02169",2,0.166666666666667,"Subtidal enriched"
"Protein processing","Protein processing","2/715","12/2946",0.828151762887779,0.999991778213895,0.984984503588406,"K03668/K07400",2,0.166666666666667,"Subtidal enriched"
"Spliceosome","Spliceosome","2/715","12/2946",0.828151762887779,0.999991778213895,0.984984503588406,"K10599/K12813",2,0.166666666666667,"Subtidal enriched"
"Valine, leucine and isoleucine biosynthesis","Valine, leucine and isoleucine biosynthesis","2/715","12/2946",0.828151762887779,0.999991778213895,0.984984503588406,"K14260/K00835",2,0.166666666666667,"Subtidal enriched"
"Cysteine and methionine metabolism","Cysteine and methionine metabolism","7/715","37/2946",0.830194331198866,0.999991778213895,0.984984503588406,"K14155/K00558/K00899/K01244/K01919/K01697/K00016",7,0.189189189189189,"Subtidal enriched"
"Messenger RNA biogenesis","Messenger RNA biogenesis","6/715","33/2946",0.848018313821636,0.999991778213895,0.984984503588406,"K18422/K14325/K00850/K11927/K03732/K12573",6,0.181818181818182,"Subtidal enriched"
"Necroptosis","Necroptosis","1/715","7/2946",0.857480612261921,0.999991778213895,0.984984503588406,"K03767",1,0.142857142857143,"Subtidal enriched"
"Non-alcoholic fatty liver disease (NAFLD)","Non-alcoholic fatty liver disease (NAFLD)","1/715","7/2946",0.857480612261921,0.999991778213895,0.984984503588406,"K02580",1,0.142857142857143,"Subtidal enriched"
"Parkinson disease","Parkinson disease","1/715","7/2946",0.857480612261921,0.999991778213895,0.984984503588406,"K02084",1,0.142857142857143,"Subtidal enriched"
"Ribosome biogenesis in eukaryotes","Ribosome biogenesis in eukaryotes","1/715","7/2946",0.857480612261921,0.999991778213895,0.984984503588406,"K14555",1,0.142857142857143,"Subtidal enriched"
"RNA transport","RNA transport","1/715","7/2946",0.857480612261921,0.999991778213895,0.984984503588406,"K14325",1,0.142857142857143,"Subtidal enriched"
"Base excision repair","Base excision repair","2/715","13/2946",0.861375364920711,0.999991778213895,0.984984503588406,"K03648/K01151",2,0.153846153846154,"Subtidal enriched"
"One carbon pool by folate","One carbon pool by folate","2/715","13/2946",0.861375364920711,0.999991778213895,0.984984503588406,"K00287/K00560",2,0.153846153846154,"Subtidal enriched"
"Tyrosine metabolism","Tyrosine metabolism","2/715","13/2946",0.861375364920711,0.999991778213895,0.984984503588406,"K04072/K22330",2,0.153846153846154,"Subtidal enriched"
"Lipid biosynthesis proteins","Lipid biosynthesis proteins","5/715","29/2946",0.867918754477183,0.999991778213895,0.984984503588406,"K18473/K04784/K10806/K10805/K03621",5,0.172413793103448,"Subtidal enriched"
"Transport","Transport","3/715","19/2946",0.875512324249327,0.999991778213895,0.984984503588406,"K07085/K03319/K03311",3,0.157894736842105,"Subtidal enriched"
"Arginine and proline metabolism","Arginine and proline metabolism","5/715","30/2946",0.887077203056546,0.999991778213895,0.984984503588406,"K01485/K00613/K09473/K01585/K01584",5,0.166666666666667,"Subtidal enriched"
"Fructose and mannose metabolism","Fructose and mannose metabolism","5/715","30/2946",0.887077203056546,0.999991778213895,0.984984503588406,"K02768/K00850/K02770/K02769/K22252",5,0.166666666666667,"Subtidal enriched"
"Benzoate degradation","Benzoate degradation","2/715","14/2946",0.888618038936804,0.999991778213895,0.984984503588406,"K01825/K00632",2,0.142857142857143,"Subtidal enriched"
"Thiamine metabolism","Thiamine metabolism","2/715","14/2946",0.888618038936804,0.999991778213895,0.984984503588406,"K03151/K00946",2,0.142857142857143,"Subtidal enriched"
"Aminobenzoate degradation","Aminobenzoate degradation","1/715","8/2946",0.892152732790239,0.999991778213895,0.984984503588406,"K03186",1,0.125,"Subtidal enriched"
"Peptidoglycan biosynthesis","Peptidoglycan biosynthesis","3/715","20/2946",0.89716240268745,0.999991778213895,0.984984503588406,"K19302/K07258/K05365",3,0.15,"Subtidal enriched"
"Methane metabolism","Methane metabolism","8/715","46/2946",0.90199317826586,0.999991778213895,0.984984503588406,"K11261/K13788/K14940/K00850/K15022/K00925/K00625/K01079",8,0.173913043478261,"Subtidal enriched"
"Lysine degradation","Lysine degradation","2/715","15/2946",0.91082186176669,0.999991778213895,0.984984503588406,"K01825/K11419",2,0.133333333333333,"Subtidal enriched"
"Huntington disease","Huntington disease","1/715","9/2946",0.918398749146597,0.999991778213895,0.984984503588406,"K02084",1,0.111111111111111,"Subtidal enriched"
"Oxidative phosphorylation","Oxidative phosphorylation","10/715","58/2946",0.926196600859324,0.999991778213895,0.984984503588406,"K02121/K02110/K02258/K02108/K00426/K02124/K15986/K02120/K02123/K02118",10,0.172413793103448,"Subtidal enriched"
"Glutathione metabolism","Glutathione metabolism","2/715","16/2946",0.92882452262233,0.999991778213895,0.984984503588406,"K01270/K01919",2,0.125,"Subtidal enriched"
"Chloroalkane and chloroalkene degradation","Chloroalkane and chloroalkene degradation","1/715","10/2946",0.938264222200796,0.999991778213895,0.984984503588406,"K04072",1,0.1,"Subtidal enriched"
"Nucleotide excision repair","Nucleotide excision repair","1/715","10/2946",0.938264222200796,0.999991778213895,0.984984503588406,"K03701",1,0.1,"Subtidal enriched"
"Biofilm formation - Escherichia coli","Biofilm formation - Escherichia coli","2/715","17/2946",0.943354451766158,0.999991778213895,0.984984503588406,"K01991/K02405",2,0.117647058823529,"Subtidal enriched"
"Protein export","Protein export","2/715","17/2946",0.943354451766158,0.999991778213895,0.984984503588406,"K03070/K03116",2,0.117647058823529,"Subtidal enriched"
"Selenocompound metabolism","Selenocompound metabolism","2/715","17/2946",0.943354451766158,0.999991778213895,0.984984503588406,"K14155/K07309",2,0.117647058823529,"Subtidal enriched"
"Inositol phosphate metabolism","Inositol phosphate metabolism","1/715","11/2946",0.953298650377373,0.999991778213895,0.984984503588406,"K01771",1,0.0909090909090909,"Subtidal enriched"
"Peroxisome","Peroxisome","1/715","11/2946",0.953298650377373,0.999991778213895,0.984984503588406,"K12405",1,0.0909090909090909,"Subtidal enriched"
"Flagellar assembly","Flagellar assembly","2/715","18/2946",0.95503445114108,0.999991778213895,0.984984503588406,"K21218/K02405",2,0.111111111111111,"Subtidal enriched"
"Folate biosynthesis","Folate biosynthesis","3/715","25/2946",0.9624025918303,0.999991778213895,0.984984503588406,"K00287/K02619/K01665",3,0.12,"Subtidal enriched"
"Terpenoid backbone biosynthesis","Terpenoid backbone biosynthesis","2/715","19/2946",0.964389995481286,0.999991778213895,0.984984503588406,"K01597/K00021",2,0.105263157894737,"Subtidal enriched"
"Pyruvate metabolism","Pyruvate metabolism","8/715","53/2946",0.964464095054798,0.999991778213895,0.984984503588406,"K22211/K13788/K00925/K00625/K04072/K00627/K00656/K00016",8,0.150943396226415,"Subtidal enriched"
"Others","Others","1/715","12/2946",0.964675640149155,0.999991778213895,0.984984503588406,"K06201",1,0.0833333333333333,"Subtidal enriched"
"Valine, leucine and isoleucine degradation","Valine, leucine and isoleucine degradation","3/715","26/2946",0.9695194344048,0.999991778213895,0.984984503588406,"K01825/K01965/K00632",3,0.115384615384615,"Subtidal enriched"
"Pentose phosphate pathway","Pentose phosphate pathway","3/715","28/2946",0.980109951840204,0.999991778213895,0.984984503588406,"K00850/K01839/K01619",3,0.107142857142857,"Subtidal enriched"
"Cell cycle - Caulobacter","Cell cycle - Caulobacter","2/715","22/2946",0.98252872005655,0.999991778213895,0.984984503588406,"K03531/K02314",2,0.0909090909090909,"Subtidal enriched"
"Tryptophan metabolism","Tryptophan metabolism","1/715","15/2946",0.984723540993413,0.999991778213895,0.984984503588406,"K01825",1,0.0666666666666667,"Subtidal enriched"
"beta-Alanine metabolism","beta-Alanine metabolism","1/715","16/2946",0.988450142218152,0.999991778213895,0.984984503588406,"K01825",1,0.0625,"Subtidal enriched"
"Glycine, serine and threonine metabolism","Glycine, serine and threonine metabolism","5/715","44/2946",0.990750326240605,0.999991778213895,0.984984503588406,"K00613/K00998/K01079/K16066/K01697",5,0.113636363636364,"Subtidal enriched"
"Bacterial chemotaxis","Bacterial chemotaxis","1/715","17/2946",0.991268622871402,0.999991778213895,0.984984503588406,"K10108",1,0.0588235294117647,"Subtidal enriched"
"Fatty acid biosynthesis","Fatty acid biosynthesis","1/715","18/2946",0.993400044737891,0.999991778213895,0.984984503588406,"K18473",1,0.0555555555555556,"Subtidal enriched"
"Histidine metabolism","Histidine metabolism","1/715","18/2946",0.993400044737891,0.999991778213895,0.984984503588406,"K01590",1,0.0555555555555556,"Subtidal enriched"
"Lysine biosynthesis","Lysine biosynthesis","1/715","18/2946",0.993400044737891,0.999991778213895,0.984984503588406,"K05823",1,0.0555555555555556,"Subtidal enriched"
"Pantothenate and CoA biosynthesis","Pantothenate and CoA biosynthesis","1/715","18/2946",0.993400044737891,0.999991778213895,0.984984503588406,"K13038",1,0.0555555555555556,"Subtidal enriched"
"ABC transporters","ABC transporters","20/715","128/2946",0.994473514302874,0.999991778213895,0.984984503588406,"K15770/K15771/K06726/K09998/K15772/K09997/K09996/K11073/K15582/K11720/K09999/K10109/K11074/K15598/K02073/K15581/K07122/K16787/K16013/K10108",20,0.15625,"Subtidal enriched"
"Sulfur metabolism","Sulfur metabolism","3/715","34/2946",0.994733715280769,0.999991778213895,0.984984503588406,"K07308/K07306/K07307",3,0.0882352941176471,"Subtidal enriched"
"Exosome","Exosome","7/715","59/2946",0.994940039189291,0.999991778213895,0.984984503588406,"K04371/K01278/K17292/K14683/K17266/K03767/K00016",7,0.11864406779661,"Subtidal enriched"
"Carbon fixation pathways in prokaryotes","Carbon fixation pathways in prokaryotes","5/715","49/2946",0.996590619180159,0.999991778213895,0.984984503588406,"K13788/K15022/K00925/K00625/K15016",5,0.102040816326531,"Subtidal enriched"
"Butanoate metabolism","Butanoate metabolism","4/715","43/2946",0.996860785188341,0.999991778213895,0.984984503588406,"K08318/K01825/K04072/K00656",4,0.0930232558139535,"Subtidal enriched"
"Phenylalanine, tyrosine and tryptophan biosynthesis","Phenylalanine, tyrosine and tryptophan biosynthesis","1/715","22/2946",0.997847740876531,0.999991778213895,0.984984503588406,"K04093",1,0.0454545454545455,"Subtidal enriched"
"Quorum sensing","Quorum sensing","4/715","46/2946",0.998367374048415,0.999991778213895,0.984984503588406,"K20265/K03070/K15582/K15581",4,0.0869565217391304,"Subtidal enriched"
"Nitrogen metabolism","Nitrogen metabolism","1/715","23/2946",0.998374028589692,0.999991778213895,0.984984503588406,"K00926",1,0.0434782608695652,"Subtidal enriched"
"Alanine, aspartate and glutamate metabolism","Alanine, aspartate and glutamate metabolism","2/715","32/2946",0.998521524745427,0.999991778213895,0.984984503588406,"K14260/K01425",2,0.0625,"Subtidal enriched"
"Two-component system","Two-component system","17/715","128/2946",0.999438703664606,0.999991778213895,0.984984503588406,"K02660/K07785/K02659/K19621/K20974/K14986/K11624/K10941/K00426/K20976/K02487/K06596/K02405/K07640/K18093/K07639/K08641",17,0.1328125,"Subtidal enriched"
"Citrate cycle (TCA cycle)","Citrate cycle (TCA cycle)","1/715","33/2946",0.999902131058628,0.999991778213895,0.984984503588406,"K00627",1,0.0303030303030303,"Subtidal enriched"
"Glyoxylate and dicarboxylate metabolism","Glyoxylate and dicarboxylate metabolism","2/715","46/2946",0.999959992355686,0.999991778213895,0.984984503588406,"K01637/K01965",2,0.0434782608695652,"Subtidal enriched"
"Porphyrin and chlorophyll metabolism","Porphyrin and chlorophyll metabolism","2/715","52/2946",0.999991778213895,0.999991778213895,0.984984503588406,"K01195/K02496",2,0.0384615384615385,"Subtidal enriched"
